,ts_code,symbol,name,area,industry
0,600000.SH,600000,浦发银行,上海,银行
1,600004.SH,600004,白云机场,广东,机场
2,600006.SH,600006,东风汽车,湖北,汽车整车
3,600007.SH,600007,中国国贸,北京,园区开发
4,600008.SH,600008,首创环保,北京,环境保护
5,600009.SH,600009,上海机场,上海,机场
6,600010.SH,600010,包钢股份,内蒙,普钢
7,600011.SH,600011,华能国际,北京,火力发电
8,600012.SH,600012,皖通高速,安徽,路桥
9,600015.SH,600015,华夏银行,北京,银行
10,600016.SH,600016,民生银行,北京,银行
11,600017.SH,600017,日照港,山东,港口
12,600018.SH,600018,上港集团,上海,港口
13,600019.SH,600019,宝钢股份,上海,普钢
14,600020.SH,600020,中原高速,河南,路桥
15,600021.SH,600021,上海电力,上海,火力发电
16,600022.SH,600022,山东钢铁,山东,普钢
17,600023.SH,600023,浙能电力,浙江,火力发电
18,600025.SH,600025,华能水电,云南,水力发电
19,600026.SH,600026,中远海能,上海,水运
20,600027.SH,600027,华电国际,山东,火力发电
21,600028.SH,600028,中国石化,北京,石油加工
22,600029.SH,600029,南方航空,广东,空运
23,600030.SH,600030,中信证券,深圳,证券
24,600031.SH,600031,三一重工,北京,工程机械
25,600032.SH,600032,浙江新能,浙江,新型电力
26,600033.SH,600033,福建高速,福建,路桥
27,600035.SH,600035,楚天高速,湖北,路桥
28,600036.SH,600036,招商银行,深圳,银行
29,600037.SH,600037,歌华有线,北京,影视音像
30,600038.SH,600038,中直股份,黑龙江,航空
31,600039.SH,600039,四川路桥,四川,建筑工程
32,600048.SH,600048,保利发展,广东,全国地产
33,600050.SH,600050,中国联通,北京,电信运营
34,600051.SH,600051,宁波联合,浙江,综合类
35,600052.SH,600052,东望时代,浙江,影视音像
36,600053.SH,600053,九鼎投资,江西,多元金融
37,600054.SH,600054,黄山旅游,安徽,旅游景点
38,600055.SH,600055,万东医疗,北京,医疗保健
39,600056.SH,600056,中国医药,北京,医药商业
40,600057.SH,600057,厦门象屿,福建,仓储物流
41,600058.SH,600058,五矿发展,北京,商贸代理
42,600059.SH,600059,古越龙山,浙江,红黄酒
43,600060.SH,600060,海信视像,山东,家用电器
44,600061.SH,600061,国投资本,上海,证券
45,600062.SH,600062,华润双鹤,北京,化学制药
46,600063.SH,600063,皖维高新,安徽,化纤
47,600064.SH,600064,南京高科,江苏,园区开发
48,600066.SH,600066,宇通客车,河南,汽车整车
49,600067.SH,600067,冠城大通,福建,电气设备
50,600070.SH,600070,浙江富润,浙江,互联网
51,600071.SH,600071,凤凰光学,江西,元器件
52,600072.SH,600072,中船科技,上海,船舶
53,600073.SH,600073,上海梅林,上海,食品
54,600075.SH,600075,新疆天业,新疆,化工原料
55,600076.SH,600076,康欣新材,山东,其他建材
56,600077.SH,600077,宋都股份,浙江,全国地产
57,600078.SH,600078,*ST澄星,江苏,化工原料
58,600079.SH,600079,人福医药,湖北,化学制药
59,600080.SH,600080,金花股份,陕西,中成药
60,600081.SH,600081,东风科技,上海,汽车配件
61,600082.SH,600082,海泰发展,天津,园区开发
62,600083.SH,600083,*ST博信,江苏,综合类
63,600084.SH,600084,中葡股份,新疆,红黄酒
64,600085.SH,600085,同仁堂,北京,中成药
65,600088.SH,600088,中视传媒,上海,影视音像
66,600089.SH,600089,特变电工,新疆,电气设备
67,600094.SH,600094,大名城,上海,区域地产
68,600095.SH,600095,湘财股份,黑龙江,证券
69,600096.SH,600096,云天化,云南,农药化肥
70,600097.SH,600097,开创国际,上海,渔业
71,600098.SH,600098,广州发展,广东,火力发电
72,600099.SH,600099,林海股份,江苏,汽车整车
73,600100.SH,600100,同方股份,北京,IT设备
74,600101.SH,600101,明星电力,四川,水力发电
75,600103.SH,600103,青山纸业,福建,造纸
76,600104.SH,600104,上汽集团,上海,汽车整车
77,600105.SH,600105,永鼎股份,江苏,通信设备
78,600106.SH,600106,重庆路桥,重庆,路桥
79,600107.SH,600107,美尔雅,湖北,服饰
80,600108.SH,600108,亚盛集团,甘肃,种植业
81,600109.SH,600109,国金证券,四川,证券
82,600110.SH,600110,诺德股份,吉林,铜
83,600111.SH,600111,北方稀土,内蒙,小金属
84,600112.SH,600112,*ST天成,贵州,电气设备
85,600113.SH,600113,浙江东日,浙江,区域地产
86,600114.SH,600114,东睦股份,浙江,机械基件
87,600115.SH,600115,中国东航,上海,空运
88,600116.SH,600116,三峡水利,重庆,水力发电
89,600117.SH,600117,西宁特钢,青海,特种钢
90,600118.SH,600118,中国卫星,北京,航空
91,600119.SH,600119,长江投资,上海,仓储物流
92,600120.SH,600120,浙江东方,浙江,多元金融
93,600121.SH,600121,郑州煤电,河南,煤炭开采
94,600122.SH,600122,ST宏图,江苏,其他商业
95,600123.SH,600123,兰花科创,山西,煤炭开采
96,600125.SH,600125,铁龙物流,辽宁,铁路
97,600126.SH,600126,杭钢股份,浙江,普钢
98,600127.SH,600127,金健米业,湖南,农业综合
99,600128.SH,600128,弘业股份,江苏,商贸代理
100,600129.SH,600129,太极集团,重庆,中成药
101,600130.SH,600130,波导股份,浙江,通信设备
102,600131.SH,600131,国网信通,四川,通信设备
103,600132.SH,600132,重庆啤酒,重庆,啤酒
104,600133.SH,600133,东湖高新,湖北,园区开发
105,600135.SH,600135,乐凯胶片,河北,化工原料
106,600136.SH,600136,ST明诚,湖北,影视音像
107,600137.SH,600137,浪莎股份,四川,服饰
108,600138.SH,600138,中青旅,北京,旅游服务
109,600139.SH,600139,*ST西源,四川,综合类
110,600141.SH,600141,兴发集团,湖北,农药化肥
111,600143.SH,600143,金发科技,广东,塑料
112,600148.SH,600148,长春一东,吉林,汽车配件
113,600149.SH,600149,廊坊发展,河北,综合类
114,600150.SH,600150,中国船舶,上海,船舶
115,600151.SH,600151,航天机电,上海,汽车配件
116,600152.SH,600152,维科技术,浙江,电气设备
117,600153.SH,600153,建发股份,福建,仓储物流
118,600155.SH,600155,华创阳安,北京,证券
119,600156.SH,600156,华升股份,湖南,纺织
120,600157.SH,600157,永泰能源,山西,火力发电
121,600158.SH,600158,中体产业,天津,文教休闲
122,600159.SH,600159,大龙地产,北京,区域地产
123,600160.SH,600160,巨化股份,浙江,化工原料
124,600161.SH,600161,天坛生物,北京,生物制药
125,600162.SH,600162,香江控股,深圳,全国地产
126,600163.SH,600163,中闽能源,福建,新型电力
127,600165.SH,600165,新日恒力,宁夏,化工原料
128,600166.SH,600166,福田汽车,北京,汽车整车
129,600167.SH,600167,联美控股,辽宁,供气供热
130,600168.SH,600168,武汉控股,湖北,水务
131,600169.SH,600169,太原重工,山西,工程机械
132,600170.SH,600170,上海建工,上海,建筑工程
133,600171.SH,600171,上海贝岭,上海,半导体
134,600172.SH,600172,黄河旋风,河南,矿物制品
135,600173.SH,600173,卧龙地产,浙江,全国地产
136,600176.SH,600176,中国巨石,浙江,玻璃
137,600177.SH,600177,雅戈尔,浙江,服饰
138,600178.SH,600178,东安动力,黑龙江,汽车配件
139,600179.SH,600179,安通控股,黑龙江,仓储物流
140,600180.SH,600180,瑞茂通,山东,仓储物流
141,600182.SH,600182,S*ST佳通,黑龙江,汽车配件
142,600183.SH,600183,生益科技,广东,元器件
143,600184.SH,600184,光电股份,湖北,专用机械
144,600185.SH,600185,格力地产,广东,区域地产
145,600186.SH,600186,莲花健康,河南,食品
146,600187.SH,600187,国中水务,黑龙江,水务
147,600188.SH,600188,兖矿能源,山东,煤炭开采
148,600189.SH,600189,泉阳泉,吉林,软饮料
149,600190.SH,600190,锦州港,辽宁,港口
150,600191.SH,600191,*ST华资,内蒙,食品
151,600192.SH,600192,长城电工,甘肃,电气设备
152,600193.SH,600193,创兴资源,上海,装修装饰
153,600195.SH,600195,中牧股份,北京,农业综合
154,600196.SH,600196,复星医药,上海,化学制药
155,600197.SH,600197,伊力特,新疆,白酒
156,600198.SH,600198,大唐电信,北京,通信设备
157,600199.SH,600199,金种子酒,安徽,白酒
158,600200.SH,600200,江苏吴中,江苏,化学制药
159,600201.SH,600201,生物股份,内蒙,农业综合
160,600202.SH,600202,哈空调,黑龙江,专用机械
161,600203.SH,600203,福日电子,福建,元器件
162,600206.SH,600206,有研新材,北京,半导体
163,600207.SH,600207,安彩高科,河南,供气供热
164,600208.SH,600208,新湖中宝,浙江,全国地产
165,600210.SH,600210,紫江企业,上海,广告包装
166,600211.SH,600211,西藏药业,西藏,中成药
167,600212.SH,600212,绿能慧充,山东,综合类
168,600213.SH,600213,亚星客车,江苏,汽车整车
169,600215.SH,600215,派斯林,吉林,专用机械
170,600216.SH,600216,浙江医药,浙江,化学制药
171,600217.SH,600217,中再资环,陕西,环境保护
172,600218.SH,600218,全柴动力,安徽,农用机械
173,600219.SH,600219,南山铝业,山东,铝
174,600220.SH,600220,江苏阳光,江苏,纺织
175,600221.SH,600221,ST海航,海南,空运
176,600222.SH,600222,太龙药业,河南,中成药
177,600223.SH,600223,鲁商发展,山东,区域地产
178,600225.SH,600225,天津松江,天津,区域地产
179,600226.SH,600226,ST瀚叶,浙江,互联网
180,600227.SH,600227,圣济堂,贵州,农药化肥
181,600228.SH,600228,返利科技,江西,互联网
182,600229.SH,600229,城市传媒,山东,出版业
183,600230.SH,600230,沧州大化,河北,化工原料
184,600231.SH,600231,凌钢股份,辽宁,普钢
185,600232.SH,600232,金鹰股份,浙江,纺织
186,600233.SH,600233,圆通速递,辽宁,仓储物流
187,600234.SH,600234,科新发展,山西,综合类
188,600235.SH,600235,民丰特纸,浙江,造纸
189,600236.SH,600236,桂冠电力,广西,水力发电
190,600237.SH,600237,铜峰电子,安徽,元器件
191,600238.SH,600238,海南椰岛,海南,红黄酒
192,600239.SH,600239,ST云城,云南,区域地产
193,600241.SH,600241,ST时万,辽宁,电气设备
194,600242.SH,600242,*ST中昌,广东,软件服务
195,600243.SH,600243,青海华鼎,青海,机床制造
196,600246.SH,600246,万通发展,北京,区域地产
197,600248.SH,600248,陕西建工,陕西,建筑工程
198,600249.SH,600249,两面针,广西,日用化工
199,600250.SH,600250,南纺股份,江苏,商贸代理
200,600251.SH,600251,冠农股份,新疆,农业综合
201,600252.SH,600252,中恒集团,广西,中成药
202,600255.SH,600255,鑫科材料,安徽,小金属
203,600256.SH,600256,广汇能源,新疆,石油开采
204,600257.SH,600257,大湖股份,湖南,渔业
205,600258.SH,600258,首旅酒店,北京,酒店餐饮
206,600259.SH,600259,广晟有色,海南,小金属
207,600260.SH,600260,*ST凯乐,湖北,通信设备
208,600261.SH,600261,阳光照明,浙江,家用电器
209,600262.SH,600262,北方股份,内蒙,专用机械
210,600265.SH,600265,*ST景谷,云南,林业
211,600266.SH,600266,城建发展,北京,区域地产
212,600267.SH,600267,海正药业,浙江,化学制药
213,600268.SH,600268,国电南自,江苏,电气设备
214,600269.SH,600269,赣粤高速,江西,路桥
215,600271.SH,600271,航天信息,北京,IT设备
216,600272.SH,600272,开开实业,上海,医药商业
217,600273.SH,600273,嘉化能源,浙江,化工原料
218,600276.SH,600276,恒瑞医药,江苏,化学制药
219,600277.SH,600277,亿利洁能,内蒙,化工原料
220,600278.SH,600278,东方创业,上海,商贸代理
221,600279.SH,600279,重庆港,重庆,港口
222,600280.SH,600280,中央商场,江苏,百货
223,600281.SH,600281,华阳新材,山西,小金属
224,600282.SH,600282,南钢股份,江苏,普钢
225,600283.SH,600283,钱江水利,浙江,水务
226,600284.SH,600284,浦东建设,上海,建筑工程
227,600285.SH,600285,羚锐制药,河南,中成药
228,600287.SH,600287,江苏舜天,江苏,商贸代理
229,600288.SH,600288,大恒科技,北京,元器件
230,600289.SH,600289,ST信通,黑龙江,软件服务
231,600290.SH,600290,ST华仪,浙江,电气设备
232,600292.SH,600292,远达环保,重庆,环境保护
233,600293.SH,600293,三峡新材,湖北,玻璃
234,600295.SH,600295,鄂尔多斯,内蒙,特种钢
235,600297.SH,600297,广汇汽车,辽宁,汽车服务
236,600298.SH,600298,安琪酵母,湖北,食品
237,600299.SH,600299,安迪苏,北京,化学制药
238,600300.SH,600300,维维股份,江苏,软饮料
239,600301.SH,600301,南化股份,广西,商贸代理
240,600302.SH,600302,标准股份,陕西,纺织机械
241,600303.SH,600303,ST曙光,辽宁,汽车整车
242,600305.SH,600305,恒顺醋业,江苏,食品
243,600306.SH,600306,ST商城,辽宁,百货
244,600307.SH,600307,酒钢宏兴,甘肃,普钢
245,600308.SH,600308,华泰股份,山东,造纸
246,600309.SH,600309,万华化学,山东,化工原料
247,600310.SH,600310,桂东电力,广西,水力发电
248,600311.SH,600311,*ST荣华,甘肃,黄金
249,600312.SH,600312,平高电气,河南,电气设备
250,600313.SH,600313,农发种业,北京,种植业
251,600315.SH,600315,上海家化,上海,日用化工
252,600316.SH,600316,洪都航空,江西,航空
253,600318.SH,600318,新力金融,安徽,多元金融
254,600319.SH,600319,亚星化学,山东,化工原料
255,600320.SH,600320,振华重工,上海,工程机械
256,600321.SH,600321,正源股份,四川,其他建材
257,600322.SH,600322,天房发展,天津,区域地产
258,600323.SH,600323,瀚蓝环境,广东,环境保护
259,600325.SH,600325,华发股份,广东,区域地产
260,600326.SH,600326,西藏天路,西藏,水泥
261,600327.SH,600327,大东方,江苏,医疗保健
262,600328.SH,600328,中盐化工,内蒙,化工原料
263,600329.SH,600329,达仁堂,天津,中成药
264,600330.SH,600330,天通股份,浙江,元器件
265,600331.SH,600331,宏达股份,四川,铅锌
266,600332.SH,600332,白云山,广东,中成药
267,600333.SH,600333,长春燃气,吉林,供气供热
268,600335.SH,600335,国机汽车,天津,汽车配件
269,600336.SH,600336,澳柯玛,山东,家用电器
270,600337.SH,600337,美克家居,江西,家居用品
271,600338.SH,600338,西藏珠峰,西藏,铅锌
272,600339.SH,600339,中油工程,新疆,石油加工
273,600340.SH,600340,华夏幸福,河北,区域地产
274,600343.SH,600343,航天动力,陕西,航空
275,600345.SH,600345,长江通信,湖北,通信设备
276,600346.SH,600346,恒力石化,辽宁,石油加工
277,600348.SH,600348,华阳股份,山西,煤炭开采
278,600350.SH,600350,山东高速,山东,路桥
279,600351.SH,600351,亚宝药业,山西,中成药
280,600352.SH,600352,浙江龙盛,浙江,染料涂料
281,600353.SH,600353,旭光电子,四川,元器件
282,600354.SH,600354,敦煌种业,甘肃,种植业
283,600355.SH,600355,精伦电子,湖北,元器件
284,600356.SH,600356,恒丰纸业,黑龙江,造纸
285,600358.SH,600358,国旅联合,江苏,旅游服务
286,600359.SH,600359,新农开发,新疆,农业综合
287,600360.SH,600360,华微电子,吉林,半导体
288,600361.SH,600361,华联综超,北京,超市连锁
289,600362.SH,600362,江西铜业,江西,铜
290,600363.SH,600363,联创光电,江西,元器件
291,600365.SH,600365,ST通葡,吉林,红黄酒
292,600366.SH,600366,宁波韵升,浙江,矿物制品
293,600367.SH,600367,红星发展,贵州,化工原料
294,600368.SH,600368,五洲交通,广西,路桥
295,600369.SH,600369,西南证券,重庆,证券
296,600370.SH,600370,三房巷,江苏,化工原料
297,600371.SH,600371,万向德农,黑龙江,种植业
298,600372.SH,600372,中航电子,北京,航空
299,600373.SH,600373,中文传媒,江西,出版业
300,600375.SH,600375,汉马科技,安徽,汽车整车
301,600376.SH,600376,首开股份,北京,区域地产
302,600377.SH,600377,宁沪高速,江苏,路桥
303,600378.SH,600378,昊华科技,四川,化工原料
304,600379.SH,600379,宝光股份,陕西,电气设备
305,600380.SH,600380,健康元,深圳,化学制药
306,600381.SH,600381,青海春天,青海,医疗保健
307,600382.SH,600382,ST广珠,广东,普钢
308,600383.SH,600383,金地集团,深圳,全国地产
309,600386.SH,600386,北巴传媒,北京,汽车服务
310,600387.SH,600387,ST海越,浙江,石油贸易
311,600388.SH,600388,ST龙净,福建,环境保护
312,600389.SH,600389,江山股份,江苏,农药化肥
313,600390.SH,600390,五矿资本,湖南,多元金融
314,600391.SH,600391,航发科技,四川,航空
315,600392.SH,600392,盛和资源,四川,小金属
316,600393.SH,600393,粤泰股份,广东,全国地产
317,600395.SH,600395,盘江股份,贵州,煤炭开采
318,600396.SH,600396,金山股份,辽宁,火力发电
319,600397.SH,600397,安源煤业,江西,煤炭开采
320,600398.SH,600398,海澜之家,江苏,服饰
321,600399.SH,600399,抚顺特钢,辽宁,特种钢
322,600400.SH,600400,红豆股份,江苏,服饰
323,600403.SH,600403,大有能源,河南,煤炭开采
324,600405.SH,600405,动力源,北京,电气设备
325,600406.SH,600406,国电南瑞,江苏,电气设备
326,600408.SH,600408,安泰集团,山西,焦炭加工
327,600409.SH,600409,三友化工,河北,化纤
328,600410.SH,600410,华胜天成,北京,软件服务
329,600415.SH,600415,小商品城,浙江,商品城
330,600416.SH,600416,湘电股份,湖南,电气设备
331,600418.SH,600418,江淮汽车,安徽,汽车整车
332,600419.SH,600419,天润乳业,新疆,乳制品
333,600420.SH,600420,国药现代,上海,化学制药
334,600421.SH,600421,华嵘控股,湖北,专用机械
335,600422.SH,600422,昆药集团,云南,中成药
336,600423.SH,600423,柳化股份,广西,农药化肥
337,600425.SH,600425,青松建化,新疆,水泥
338,600426.SH,600426,华鲁恒升,山东,农药化肥
339,600428.SH,600428,中远海特,广东,水运
340,600429.SH,600429,三元股份,北京,乳制品
341,600433.SH,600433,冠豪高新,广东,造纸
342,600435.SH,600435,北方导航,北京,专用机械
343,600436.SH,600436,片仔癀,福建,中成药
344,600438.SH,600438,通威股份,四川,电气设备
345,600439.SH,600439,瑞贝卡,河南,服饰
346,600444.SH,600444,国机通用,安徽,专用机械
347,600446.SH,600446,金证股份,深圳,软件服务
348,600448.SH,600448,华纺股份,山东,纺织
349,600449.SH,600449,宁夏建材,宁夏,水泥
350,600452.SH,600452,涪陵电力,重庆,水力发电
351,600455.SH,600455,博通股份,陕西,文教休闲
352,600456.SH,600456,宝钛股份,陕西,小金属
353,600458.SH,600458,时代新材,湖南,塑料
354,600459.SH,600459,贵研铂业,云南,小金属
355,600460.SH,600460,士兰微,浙江,半导体
356,600461.SH,600461,洪城环境,江西,水务
357,600462.SH,600462,ST九有,湖北,广告包装
358,600463.SH,600463,空港股份,北京,园区开发
359,600466.SH,600466,蓝光发展,四川,区域地产
360,600467.SH,600467,好当家,山东,渔业
361,600468.SH,600468,百利电气,天津,电气设备
362,600469.SH,600469,风神股份,河南,汽车配件
363,600470.SH,600470,六国化工,安徽,农药化肥
364,600475.SH,600475,华光环能,江苏,环境保护
365,600476.SH,600476,湘邮科技,湖南,软件服务
366,600477.SH,600477,杭萧钢构,浙江,钢加工
367,600478.SH,600478,科力远,湖南,元器件
368,600479.SH,600479,千金药业,湖南,中成药
369,600480.SH,600480,凌云股份,河北,汽车配件
370,600481.SH,600481,双良节能,江苏,机械基件
371,600482.SH,600482,中国动力,河北,船舶
372,600483.SH,600483,福能股份,福建,火力发电
373,600486.SH,600486,扬农化工,江苏,农药化肥
374,600487.SH,600487,亨通光电,江苏,通信设备
375,600488.SH,600488,天药股份,天津,化学制药
376,600489.SH,600489,中金黄金,北京,黄金
377,600490.SH,600490,鹏欣资源,上海,铜
378,600491.SH,600491,龙元建设,浙江,建筑工程
379,600493.SH,600493,凤竹纺织,福建,纺织
380,600495.SH,600495,晋西车轴,山西,运输设备
381,600496.SH,600496,精工钢构,安徽,钢加工
382,600497.SH,600497,驰宏锌锗,云南,铅锌
383,600498.SH,600498,烽火通信,湖北,通信设备
384,600499.SH,600499,科达制造,广东,专用机械
385,600500.SH,600500,中化国际,上海,塑料
386,600501.SH,600501,航天晨光,江苏,汽车配件
387,600502.SH,600502,安徽建工,安徽,建筑工程
388,600503.SH,600503,华丽家族,上海,区域地产
389,600505.SH,600505,西昌电力,四川,水力发电
390,600506.SH,600506,香梨股份,新疆,化工原料
391,600507.SH,600507,方大特钢,江西,特种钢
392,600508.SH,600508,上海能源,上海,煤炭开采
393,600509.SH,600509,天富能源,新疆,火力发电
394,600510.SH,600510,黑牡丹,江苏,全国地产
395,600511.SH,600511,国药股份,北京,医药商业
396,600512.SH,600512,腾达建设,浙江,建筑工程
397,600513.SH,600513,联环药业,江苏,化学制药
398,600515.SH,600515,ST基础,海南,机场
399,600516.SH,600516,方大炭素,甘肃,矿物制品
400,600517.SH,600517,国网英大,上海,多元金融
401,600518.SH,600518,ST康美,广东,中成药
402,600519.SH,600519,贵州茅台,贵州,白酒
403,600520.SH,600520,文一科技,安徽,机械基件
404,600521.SH,600521,华海药业,浙江,化学制药
405,600522.SH,600522,中天科技,江苏,通信设备
406,600523.SH,600523,贵航股份,贵州,汽车配件
407,600525.SH,600525,长园集团,深圳,电气设备
408,600526.SH,600526,菲达环保,浙江,环境保护
409,600527.SH,600527,江南高纤,江苏,化纤
410,600528.SH,600528,中铁工业,北京,运输设备
411,600529.SH,600529,山东药玻,山东,医疗保健
412,600530.SH,600530,交大昂立,上海,医疗保健
413,600531.SH,600531,豫光金铅,河南,铅锌
414,600532.SH,600532,*ST未来,上海,医疗保健
415,600533.SH,600533,栖霞建设,江苏,区域地产
416,600535.SH,600535,天士力,天津,中成药
417,600536.SH,600536,中国软件,北京,软件服务
418,600537.SH,600537,亿晶光电,浙江,电气设备
419,600538.SH,600538,国发股份,广西,医药商业
420,600539.SH,600539,狮头股份,山西,互联网
421,600540.SH,600540,新赛股份,新疆,种植业
422,600543.SH,600543,莫高股份,甘肃,红黄酒
423,600545.SH,600545,卓郎智能,新疆,纺织机械
424,600546.SH,600546,山煤国际,山西,煤炭开采
425,600547.SH,600547,山东黄金,山东,黄金
426,600548.SH,600548,深高速,深圳,路桥
427,600549.SH,600549,厦门钨业,福建,小金属
428,600550.SH,600550,保变电气,河北,电气设备
429,600551.SH,600551,时代出版,安徽,出版业
430,600552.SH,600552,凯盛科技,安徽,玻璃
431,600555.SH,600555,退海创,,
432,600556.SH,600556,天下秀,广西,互联网
433,600557.SH,600557,康缘药业,江苏,中成药
434,600558.SH,600558,大西洋,四川,钢加工
435,600559.SH,600559,老白干酒,河北,白酒
436,600560.SH,600560,金自天正,北京,电气设备
437,600561.SH,600561,江西长运,江西,公共交通
438,600562.SH,600562,国睿科技,江苏,通信设备
439,600563.SH,600563,法拉电子,福建,元器件
440,600565.SH,600565,迪马股份,重庆,全国地产
441,600566.SH,600566,济川药业,湖北,中成药
442,600567.SH,600567,山鹰国际,安徽,造纸
443,600568.SH,600568,ST中珠,湖北,区域地产
444,600569.SH,600569,安阳钢铁,河南,普钢
445,600570.SH,600570,恒生电子,浙江,软件服务
446,600571.SH,600571,信雅达,浙江,软件服务
447,600572.SH,600572,康恩贝,浙江,中成药
448,600573.SH,600573,惠泉啤酒,福建,啤酒
449,600575.SH,600575,淮河能源,安徽,铁路
450,600576.SH,600576,祥源文化,浙江,影视音像
451,600577.SH,600577,精达股份,安徽,电气设备
452,600578.SH,600578,京能电力,北京,火力发电
453,600579.SH,600579,克劳斯,山东,化工机械
454,600580.SH,600580,卧龙电驱,浙江,电气设备
455,600581.SH,600581,八一钢铁,新疆,普钢
456,600582.SH,600582,天地科技,北京,工程机械
457,600583.SH,600583,海油工程,天津,石油开采
458,600584.SH,600584,长电科技,江苏,半导体
459,600585.SH,600585,海螺水泥,安徽,水泥
460,600586.SH,600586,金晶科技,山东,玻璃
461,600587.SH,600587,新华医疗,山东,医疗保健
462,600588.SH,600588,用友网络,北京,软件服务
463,600589.SH,600589,ST榕泰,广东,塑料
464,600590.SH,600590,泰豪科技,江西,电气设备
465,600592.SH,600592,龙溪股份,福建,机械基件
466,600593.SH,600593,大连圣亚,辽宁,旅游服务
467,600594.SH,600594,益佰制药,贵州,中成药
468,600595.SH,600595,中孚实业,河南,铝
469,600596.SH,600596,新安股份,浙江,化工原料
470,600597.SH,600597,光明乳业,上海,乳制品
471,600598.SH,600598,北大荒,黑龙江,种植业
472,600599.SH,600599,ST熊猫,湖南,化工原料
473,600600.SH,600600,青岛啤酒,山东,啤酒
474,600601.SH,600601,*ST方科,上海,元器件
475,600602.SH,600602,云赛智联,上海,软件服务
476,600603.SH,600603,广汇物流,四川,区域地产
477,600604.SH,600604,市北高新,上海,园区开发
478,600605.SH,600605,汇通能源,上海,房产服务
479,600606.SH,600606,绿地控股,上海,建筑工程
480,600608.SH,600608,ST沪科,上海,商贸代理
481,600609.SH,600609,金杯汽车,辽宁,汽车配件
482,600610.SH,600610,中毅达,贵州,化工原料
483,600611.SH,600611,大众交通,上海,公共交通
484,600612.SH,600612,老凤祥,上海,服饰
485,600613.SH,600613,神奇制药,上海,中成药
486,600615.SH,600615,*ST丰华,上海,小金属
487,600616.SH,600616,金枫酒业,上海,红黄酒
488,600617.SH,600617,国新能源,山西,供气供热
489,600618.SH,600618,氯碱化工,上海,化工原料
490,600619.SH,600619,海立股份,上海,家用电器
491,600620.SH,600620,天宸股份,上海,综合类
492,600621.SH,600621,华鑫股份,上海,证券
493,600622.SH,600622,光大嘉宝,上海,区域地产
494,600623.SH,600623,华谊集团,上海,化工原料
495,600624.SH,600624,复旦复华,上海,化学制药
496,600626.SH,600626,申达股份,上海,汽车配件
497,600628.SH,600628,新世界,上海,百货
498,600629.SH,600629,华建集团,上海,建筑工程
499,600630.SH,600630,龙头股份,上海,纺织
500,600633.SH,600633,浙数文化,浙江,互联网
501,600635.SH,600635,大众公用,上海,供气供热
502,600636.SH,600636,国新文化,上海,文教休闲
503,600637.SH,600637,东方明珠,上海,影视音像
504,600638.SH,600638,新黄浦,上海,区域地产
505,600639.SH,600639,浦东金桥,上海,园区开发
506,600640.SH,600640,新国脉,上海,影视音像
507,600641.SH,600641,万业企业,上海,区域地产
508,600642.SH,600642,申能股份,上海,火力发电
509,600643.SH,600643,爱建集团,上海,多元金融
510,600644.SH,600644,乐山电力,四川,水力发电
511,600645.SH,600645,中源协和,天津,生物制药
512,600647.SH,600647,同达创业,上海,综合类
513,600648.SH,600648,外高桥,上海,园区开发
514,600649.SH,600649,城投控股,上海,区域地产
515,600650.SH,600650,锦江在线,上海,公共交通
516,600651.SH,600651,飞乐音响,上海,电器仪表
517,600653.SH,600653,申华控股,辽宁,汽车服务
518,600654.SH,600654,*ST中安,湖北,软件服务
519,600655.SH,600655,豫园股份,上海,百货
520,600657.SH,600657,信达地产,北京,全国地产
521,600658.SH,600658,电子城,北京,园区开发
522,600660.SH,600660,福耀玻璃,福建,汽车配件
523,600661.SH,600661,昂立教育,上海,文教休闲
524,600662.SH,600662,外服控股,上海,文教休闲
525,600663.SH,600663,陆家嘴,上海,园区开发
526,600664.SH,600664,哈药股份,黑龙江,化学制药
527,600665.SH,600665,天地源,陕西,全国地产
528,600666.SH,600666,*ST瑞德,黑龙江,元器件
529,600667.SH,600667,太极实业,江苏,半导体
530,600668.SH,600668,尖峰集团,浙江,水泥
531,600671.SH,600671,ST目药,浙江,中成药
532,600673.SH,600673,东阳光,广东,铝
533,600674.SH,600674,川投能源,四川,水力发电
534,600675.SH,600675,中华企业,上海,区域地产
535,600676.SH,600676,交运股份,上海,汽车配件
536,600678.SH,600678,四川金顶,四川,水泥
537,600679.SH,600679,上海凤凰,上海,文教休闲
538,600681.SH,600681,百川能源,湖北,供气供热
539,600682.SH,600682,南京新百,江苏,生物制药
540,600683.SH,600683,京投发展,浙江,区域地产
541,600684.SH,600684,珠江股份,广东,全国地产
542,600685.SH,600685,中船防务,广东,船舶
543,600686.SH,600686,金龙汽车,福建,汽车整车
544,600688.SH,600688,上海石化,上海,石油加工
545,600689.SH,600689,上海三毛,上海,纺织
546,600690.SH,600690,海尔智家,山东,家用电器
547,600691.SH,600691,阳煤化工,山西,农药化肥
548,600692.SH,600692,亚通股份,上海,房产服务
549,600693.SH,600693,东百集团,福建,百货
550,600694.SH,600694,大商股份,辽宁,百货
551,600696.SH,600696,岩石股份,上海,白酒
552,600697.SH,600697,欧亚集团,吉林,百货
553,600698.SH,600698,湖南天雁,湖南,汽车配件
554,600699.SH,600699,均胜电子,浙江,汽车配件
555,600702.SH,600702,舍得酒业,四川,白酒
556,600703.SH,600703,三安光电,湖北,半导体
557,600704.SH,600704,物产中大,浙江,仓储物流
558,600705.SH,600705,中航产融,黑龙江,多元金融
559,600706.SH,600706,曲江文旅,陕西,旅游服务
560,600707.SH,600707,彩虹股份,陕西,元器件
561,600708.SH,600708,光明地产,上海,全国地产
562,600710.SH,600710,苏美达,江苏,商贸代理
563,600711.SH,600711,盛屯矿业,福建,小金属
564,600712.SH,600712,南宁百货,广西,百货
565,600713.SH,600713,南京医药,江苏,医药商业
566,600714.SH,600714,金瑞矿业,青海,化工原料
567,600715.SH,600715,文投控股,辽宁,影视音像
568,600716.SH,600716,凤凰股份,江苏,区域地产
569,600717.SH,600717,天津港,天津,港口
570,600718.SH,600718,东软集团,辽宁,软件服务
571,600719.SH,600719,ST热电,辽宁,供气供热
572,600720.SH,600720,祁连山,甘肃,水泥
573,600721.SH,600721,百花医药,新疆,生物制药
574,600722.SH,600722,金牛化工,河北,化工原料
575,600724.SH,600724,宁波富达,浙江,水泥
576,600725.SH,600725,云维股份,云南,焦炭加工
577,600726.SH,600726,*ST华源,黑龙江,火力发电
578,600727.SH,600727,鲁北化工,山东,化工原料
579,600728.SH,600728,佳都科技,广东,软件服务
580,600729.SH,600729,重庆百货,重庆,百货
581,600730.SH,600730,中国高科,北京,综合类
582,600731.SH,600731,湖南海利,湖南,农药化肥
583,600732.SH,600732,爱旭股份,上海,电气设备
584,600733.SH,600733,北汽蓝谷,北京,汽车整车
585,600734.SH,600734,ST实达,福建,IT设备
586,600735.SH,600735,新华锦,山东,服饰
587,600736.SH,600736,苏州高新,江苏,园区开发
588,600737.SH,600737,中粮糖业,新疆,食品
589,600738.SH,600738,丽尚国潮,甘肃,百货
590,600739.SH,600739,辽宁成大,辽宁,商贸代理
591,600740.SH,600740,山西焦化,山西,焦炭加工
592,600741.SH,600741,华域汽车,上海,汽车配件
593,600742.SH,600742,一汽富维,吉林,汽车配件
594,600743.SH,600743,华远地产,北京,区域地产
595,600744.SH,600744,华银电力,湖南,火力发电
596,600745.SH,600745,闻泰科技,湖北,通信设备
597,600746.SH,600746,江苏索普,江苏,化工原料
598,600748.SH,600748,上实发展,上海,全国地产
599,600749.SH,600749,西藏旅游,西藏,旅游景点
600,600750.SH,600750,江中药业,江西,中成药
601,600751.SH,600751,海航科技,天津,商贸代理
602,600753.SH,600753,东方银星,福建,商贸代理
603,600754.SH,600754,锦江酒店,上海,酒店餐饮
604,600755.SH,600755,厦门国贸,福建,仓储物流
605,600756.SH,600756,浪潮软件,山东,软件服务
606,600757.SH,600757,长江传媒,湖北,出版业
607,600758.SH,600758,辽宁能源,辽宁,煤炭开采
608,600759.SH,600759,ST洲际,海南,石油开采
609,600760.SH,600760,中航沈飞,山东,航空
610,600761.SH,600761,安徽合力,安徽,工程机械
611,600763.SH,600763,通策医疗,浙江,医疗保健
612,600764.SH,600764,中国海防,北京,通信设备
613,600765.SH,600765,中航重机,贵州,航空
614,600766.SH,600766,*ST园城,山东,黄金
615,600767.SH,600767,*ST运盛,四川,医疗保健
616,600768.SH,600768,宁波富邦,浙江,铝
617,600769.SH,600769,祥龙电业,湖北,建筑工程
618,600770.SH,600770,综艺股份,江苏,综合类
619,600771.SH,600771,广誉远,山西,中成药
620,600773.SH,600773,西藏城投,西藏,区域地产
621,600774.SH,600774,汉商集团,湖北,化学制药
622,600775.SH,600775,南京熊猫,江苏,通信设备
623,600776.SH,600776,东方通信,浙江,通信设备
624,600777.SH,600777,新潮能源,山东,石油开采
625,600778.SH,600778,友好集团,新疆,百货
626,600779.SH,600779,水井坊,四川,白酒
627,600780.SH,600780,通宝能源,山西,火力发电
628,600781.SH,600781,*ST辅仁,河南,化学制药
629,600782.SH,600782,新钢股份,江西,普钢
630,600783.SH,600783,鲁信创投,山东,多元金融
631,600784.SH,600784,鲁银投资,山东,综合类
632,600785.SH,600785,新华百货,宁夏,百货
633,600787.SH,600787,中储股份,天津,仓储物流
634,600789.SH,600789,鲁抗医药,山东,化学制药
635,600790.SH,600790,轻纺城,浙江,商品城
636,600791.SH,600791,京能置业,北京,全国地产
637,600792.SH,600792,云煤能源,云南,焦炭加工
638,600793.SH,600793,宜宾纸业,四川,造纸
639,600794.SH,600794,保税科技,江苏,仓储物流
640,600795.SH,600795,国电电力,辽宁,火力发电
641,600796.SH,600796,钱江生化,浙江,环境保护
642,600797.SH,600797,浙大网新,浙江,软件服务
643,600798.SH,600798,宁波海运,浙江,水运
644,600800.SH,600800,渤海化学,天津,化工原料
645,600801.SH,600801,华新水泥,湖北,水泥
646,600802.SH,600802,福建水泥,福建,水泥
647,600803.SH,600803,新奥股份,河北,供气供热
648,600804.SH,600804,ST鹏博士,四川,电信运营
649,600805.SH,600805,悦达投资,江苏,综合类
650,600807.SH,600807,济南高新,山东,黄金
651,600808.SH,600808,马钢股份,安徽,普钢
652,600809.SH,600809,山西汾酒,山西,白酒
653,600810.SH,600810,神马股份,河南,化纤
654,600811.SH,600811,东方集团,黑龙江,农业综合
655,600812.SH,600812,华北制药,河北,化学制药
656,600814.SH,600814,杭州解百,浙江,百货
657,600815.SH,600815,厦工股份,福建,工程机械
658,600816.SH,600816,ST安信,上海,多元金融
659,600817.SH,600817,宇通重工,河南,专用机械
660,600818.SH,600818,中路股份,上海,文教休闲
661,600819.SH,600819,耀皮玻璃,上海,玻璃
662,600820.SH,600820,隧道股份,上海,建筑工程
663,600821.SH,600821,金开新能,天津,新型电力
664,600822.SH,600822,上海物贸,上海,商贸代理
665,600823.SH,600823,世茂股份,上海,全国地产
666,600824.SH,600824,益民集团,上海,百货
667,600825.SH,600825,新华传媒,上海,出版业
668,600826.SH,600826,兰生股份,上海,商贸代理
669,600827.SH,600827,百联股份,上海,超市连锁
670,600828.SH,600828,茂业商业,四川,百货
671,600829.SH,600829,人民同泰,黑龙江,医药商业
672,600830.SH,600830,香溢融通,浙江,多元金融
673,600831.SH,600831,广电网络,陕西,影视音像
674,600833.SH,600833,第一医药,上海,医药商业
675,600834.SH,600834,申通地铁,上海,公共交通
676,600835.SH,600835,上海机电,上海,运输设备
677,600836.SH,600836,上海易连,上海,广告包装
678,600837.SH,600837,海通证券,上海,证券
679,600838.SH,600838,上海九百,上海,百货
680,600839.SH,600839,四川长虹,四川,家用电器
681,600841.SH,600841,动力新科,上海,汽车配件
682,600843.SH,600843,上工申贝,上海,纺织机械
683,600844.SH,600844,丹化科技,江苏,化工原料
684,600845.SH,600845,宝信软件,上海,软件服务
685,600846.SH,600846,同济科技,上海,建筑工程
686,600847.SH,600847,万里股份,重庆,电气设备
687,600848.SH,600848,上海临港,上海,园区开发
688,600850.SH,600850,电科数字,上海,软件服务
689,600851.SH,600851,海欣股份,上海,化学制药
690,600853.SH,600853,龙建股份,黑龙江,建筑工程
691,600854.SH,600854,春兰股份,江苏,家用电器
692,600855.SH,600855,航天长峰,北京,专用机械
693,600857.SH,600857,宁波中百,浙江,百货
694,600858.SH,600858,银座股份,山东,百货
695,600859.SH,600859,王府井,北京,百货
696,600860.SH,600860,京城股份,北京,专用机械
697,600861.SH,600861,北京城乡,北京,百货
698,600862.SH,600862,中航高科,江苏,航空
699,600863.SH,600863,内蒙华电,内蒙,火力发电
700,600864.SH,600864,哈投股份,黑龙江,证券
701,600865.SH,600865,百大集团,浙江,百货
702,600866.SH,600866,星湖科技,广东,食品
703,600867.SH,600867,通化东宝,吉林,生物制药
704,600868.SH,600868,梅雁吉祥,广东,软件服务
705,600869.SH,600869,远东股份,青海,电气设备
706,600871.SH,600871,石化油服,北京,石油开采
707,600872.SH,600872,中炬高新,广东,食品
708,600873.SH,600873,梅花生物,西藏,食品
709,600874.SH,600874,创业环保,天津,环境保护
710,600875.SH,600875,东方电气,四川,电气设备
711,600876.SH,600876,洛阳玻璃,河南,玻璃
712,600877.SH,600877,声光电科,重庆,半导体
713,600879.SH,600879,航天电子,湖北,航空
714,600880.SH,600880,博瑞传播,四川,广告包装
715,600881.SH,600881,亚泰集团,吉林,水泥
716,600882.SH,600882,妙可蓝多,上海,乳制品
717,600883.SH,600883,博闻科技,云南,种植业
718,600884.SH,600884,杉杉股份,浙江,电气设备
719,600885.SH,600885,宏发股份,湖北,电气设备
720,600886.SH,600886,国投电力,北京,水力发电
721,600887.SH,600887,伊利股份,内蒙,乳制品
722,600888.SH,600888,新疆众和,新疆,铝
723,600889.SH,600889,南京化纤,江苏,化纤
724,600892.SH,600892,大晟文化,深圳,影视音像
725,600893.SH,600893,航发动力,陕西,航空
726,600894.SH,600894,广日股份,广东,运输设备
727,600895.SH,600895,张江高科,上海,园区开发
728,600896.SH,600896,退海医,,
729,600897.SH,600897,厦门空港,福建,机场
730,600898.SH,600898,国美通讯,山东,通信设备
731,600900.SH,600900,长江电力,北京,水力发电
732,600901.SH,600901,江苏租赁,江苏,多元金融
733,600903.SH,600903,贵州燃气,贵州,供气供热
734,600905.SH,600905,三峡能源,北京,新型电力
735,600906.SH,600906,财达证券,河北,证券
736,600908.SH,600908,无锡银行,江苏,银行
737,600909.SH,600909,华安证券,安徽,证券
738,600916.SH,600916,中国黄金,北京,黄金
739,600917.SH,600917,重庆燃气,重庆,供气供热
740,600918.SH,600918,中泰证券,山东,证券
741,600919.SH,600919,江苏银行,江苏,银行
742,600926.SH,600926,杭州银行,浙江,银行
743,600927.SH,600927,永安期货,浙江,多元金融
744,600928.SH,600928,西安银行,陕西,银行
745,600929.SH,600929,雪天盐业,湖南,食品
746,600933.SH,600933,爱柯迪,浙江,汽车配件
747,600935.SH,600935,华塑股份,安徽,化工原料
748,600936.SH,600936,广西广电,广西,影视音像
749,600938.SH,600938,中国海油,北京,石油开采
750,600939.SH,600939,重庆建工,重庆,建筑工程
751,600941.SH,600941,中国移动,北京,电信运营
752,600955.SH,600955,维远股份,山东,化工原料
753,600956.SH,600956,新天绿能,河北,供气供热
754,600958.SH,600958,东方证券,上海,证券
755,600959.SH,600959,江苏有线,江苏,影视音像
756,600960.SH,600960,渤海汽车,山东,汽车配件
757,600961.SH,600961,株冶集团,湖南,铅锌
758,600962.SH,600962,国投中鲁,北京,软饮料
759,600963.SH,600963,岳阳林纸,湖南,造纸
760,600965.SH,600965,福成股份,河北,农业综合
761,600966.SH,600966,博汇纸业,山东,造纸
762,600967.SH,600967,内蒙一机,内蒙,运输设备
763,600968.SH,600968,海油发展,北京,石油开采
764,600969.SH,600969,郴电国际,湖南,水力发电
765,600970.SH,600970,中材国际,江苏,建筑工程
766,600971.SH,600971,恒源煤电,安徽,煤炭开采
767,600973.SH,600973,宝胜股份,江苏,电气设备
768,600975.SH,600975,新五丰,湖南,农业综合
769,600976.SH,600976,健民集团,湖北,中成药
770,600977.SH,600977,中国电影,北京,影视音像
771,600979.SH,600979,广安爱众,四川,水力发电
772,600980.SH,600980,北矿科技,北京,元器件
773,600981.SH,600981,汇鸿集团,江苏,商贸代理
774,600982.SH,600982,宁波能源,浙江,供气供热
775,600983.SH,600983,惠而浦,安徽,家用电器
776,600984.SH,600984,建设机械,陕西,工程机械
777,600985.SH,600985,淮北矿业,安徽,煤炭开采
778,600986.SH,600986,浙文互联,浙江,互联网
779,600987.SH,600987,航民股份,浙江,纺织
780,600988.SH,600988,赤峰黄金,内蒙,黄金
781,600989.SH,600989,宝丰能源,宁夏,化工原料
782,600990.SH,600990,四创电子,安徽,通信设备
783,600992.SH,600992,贵绳股份,贵州,钢加工
784,600993.SH,600993,马应龙,湖北,中成药
785,600995.SH,600995,文山电力,云南,水力发电
786,600996.SH,600996,贵广网络,贵州,影视音像
787,600997.SH,600997,开滦股份,河北,煤炭开采
788,600998.SH,600998,九州通,湖北,医药商业
789,600999.SH,600999,招商证券,深圳,证券
790,601000.SH,601000,唐山港,河北,港口
791,601001.SH,601001,晋控煤业,山西,煤炭开采
792,601002.SH,601002,晋亿实业,浙江,机械基件
793,601003.SH,601003,柳钢股份,广西,普钢
794,601005.SH,601005,重庆钢铁,重庆,普钢
795,601006.SH,601006,大秦铁路,山西,铁路
796,601007.SH,601007,金陵饭店,江苏,酒店餐饮
797,601008.SH,601008,连云港,江苏,港口
798,601009.SH,601009,南京银行,江苏,银行
799,601010.SH,601010,文峰股份,江苏,超市连锁
800,601011.SH,601011,宝泰隆,黑龙江,焦炭加工
801,601012.SH,601012,隆基绿能,陕西,电气设备
802,601015.SH,601015,陕西黑猫,陕西,焦炭加工
803,601016.SH,601016,节能风电,北京,新型电力
804,601018.SH,601018,宁波港,浙江,港口
805,601019.SH,601019,山东出版,山东,出版业
806,601020.SH,601020,华钰矿业,西藏,铅锌
807,601021.SH,601021,春秋航空,上海,空运
808,601028.SH,601028,玉龙股份,山东,商贸代理
809,601038.SH,601038,一拖股份,河南,农用机械
810,601058.SH,601058,赛轮轮胎,山东,汽车配件
811,601066.SH,601066,中信建投,北京,证券
812,601068.SH,601068,中铝国际,北京,建筑工程
813,601069.SH,601069,西部黄金,新疆,黄金
814,601077.SH,601077,渝农商行,重庆,银行
815,601086.SH,601086,国芳集团,甘肃,百货
816,601088.SH,601088,中国神华,北京,煤炭开采
817,601089.SH,601089,福元医药,北京,化学制药
818,601098.SH,601098,中南传媒,湖南,出版业
819,601099.SH,601099,太平洋,云南,证券
820,601100.SH,601100,恒立液压,江苏,工程机械
821,601101.SH,601101,昊华能源,北京,煤炭开采
822,601106.SH,601106,中国一重,黑龙江,工程机械
823,601107.SH,601107,四川成渝,四川,路桥
824,601108.SH,601108,财通证券,浙江,证券
825,601111.SH,601111,中国国航,北京,空运
826,601113.SH,601113,华鼎股份,浙江,互联网
827,601116.SH,601116,三江购物,浙江,超市连锁
828,601117.SH,601117,中国化学,北京,建筑工程
829,601118.SH,601118,海南橡胶,海南,橡胶
830,601126.SH,601126,四方股份,北京,电气设备
831,601127.SH,601127,小康股份,重庆,汽车整车
832,601128.SH,601128,常熟银行,江苏,银行
833,601137.SH,601137,博威合金,浙江,小金属
834,601138.SH,601138,工业富联,深圳,通信设备
835,601139.SH,601139,深圳燃气,深圳,供气供热
836,601155.SH,601155,新城控股,江苏,区域地产
837,601156.SH,601156,东航物流,上海,空运
838,601158.SH,601158,重庆水务,重庆,水务
839,601162.SH,601162,天风证券,湖北,证券
840,601163.SH,601163,三角轮胎,山东,汽车配件
841,601166.SH,601166,兴业银行,福建,银行
842,601168.SH,601168,西部矿业,青海,铜
843,601169.SH,601169,北京银行,北京,银行
844,601177.SH,601177,杭齿前进,浙江,机械基件
845,601179.SH,601179,中国西电,陕西,电气设备
846,601186.SH,601186,中国铁建,北京,建筑工程
847,601187.SH,601187,厦门银行,福建,银行
848,601188.SH,601188,龙江交通,黑龙江,路桥
849,601198.SH,601198,东兴证券,北京,证券
850,601199.SH,601199,江南水务,江苏,水务
851,601200.SH,601200,上海环境,上海,环境保护
852,601208.SH,601208,东材科技,四川,化工原料
853,601211.SH,601211,国泰君安,上海,证券
854,601212.SH,601212,白银有色,甘肃,铜
855,601216.SH,601216,君正集团,内蒙,化工原料
856,601218.SH,601218,吉鑫科技,江苏,电气设备
857,601222.SH,601222,林洋能源,江苏,电器仪表
858,601225.SH,601225,陕西煤业,陕西,煤炭开采
859,601226.SH,601226,华电重工,北京,建筑工程
860,601228.SH,601228,广州港,广东,港口
861,601229.SH,601229,上海银行,上海,银行
862,601231.SH,601231,环旭电子,上海,元器件
863,601233.SH,601233,桐昆股份,浙江,化纤
864,601236.SH,601236,红塔证券,云南,证券
865,601238.SH,601238,广汽集团,广东,汽车整车
866,601258.SH,601258,庞大集团,河北,汽车服务
867,601279.SH,601279,英利汽车,吉林,汽车配件
868,601288.SH,601288,农业银行,北京,银行
869,601298.SH,601298,青岛港,山东,港口
870,601311.SH,601311,骆驼股份,湖北,电气设备
871,601318.SH,601318,中国平安,深圳,保险
872,601319.SH,601319,中国人保,北京,保险
873,601326.SH,601326,秦港股份,河北,港口
874,601328.SH,601328,交通银行,上海,银行
875,601330.SH,601330,绿色动力,深圳,环境保护
876,601333.SH,601333,广深铁路,深圳,铁路
877,601336.SH,601336,新华保险,北京,保险
878,601339.SH,601339,百隆东方,浙江,纺织
879,601360.SH,601360,三六零,天津,互联网
880,601366.SH,601366,利群股份,山东,百货
881,601368.SH,601368,绿城水务,广西,水务
882,601369.SH,601369,陕鼓动力,陕西,机械基件
883,601375.SH,601375,中原证券,河南,证券
884,601377.SH,601377,兴业证券,福建,证券
885,601388.SH,601388,怡球资源,江苏,铝
886,601390.SH,601390,中国中铁,北京,建筑工程
887,601398.SH,601398,工商银行,北京,银行
888,601399.SH,601399,国机重装,四川,工程机械
889,601456.SH,601456,国联证券,江苏,证券
890,601500.SH,601500,通用股份,江苏,汽车配件
891,601512.SH,601512,中新集团,江苏,园区开发
892,601515.SH,601515,东风股份,广东,广告包装
893,601518.SH,601518,吉林高速,吉林,路桥
894,601519.SH,601519,大智慧,上海,软件服务
895,601528.SH,601528,瑞丰银行,浙江,银行
896,601555.SH,601555,东吴证券,江苏,证券
897,601566.SH,601566,九牧王,福建,服饰
898,601567.SH,601567,三星医疗,浙江,电器仪表
899,601568.SH,601568,北元集团,陕西,化工原料
900,601577.SH,601577,长沙银行,湖南,银行
901,601579.SH,601579,会稽山,浙江,红黄酒
902,601588.SH,601588,北辰实业,北京,区域地产
903,601595.SH,601595,上海电影,上海,影视音像
904,601598.SH,601598,中国外运,北京,仓储物流
905,601599.SH,601599,浙文影业,浙江,纺织
906,601600.SH,601600,中国铝业,北京,铝
907,601601.SH,601601,中国太保,上海,保险
908,601606.SH,601606,长城军工,安徽,专用机械
909,601607.SH,601607,上海医药,上海,医药商业
910,601608.SH,601608,中信重工,河南,专用机械
911,601609.SH,601609,金田股份,浙江,铜
912,601611.SH,601611,中国核建,上海,建筑工程
913,601615.SH,601615,明阳智能,广东,电气设备
914,601616.SH,601616,广电电气,上海,电气设备
915,601618.SH,601618,中国中冶,北京,建筑工程
916,601619.SH,601619,嘉泽新能,宁夏,新型电力
917,601628.SH,601628,中国人寿,北京,保险
918,601633.SH,601633,长城汽车,河北,汽车整车
919,601636.SH,601636,旗滨集团,湖南,玻璃
920,601658.SH,601658,邮储银行,北京,银行
921,601665.SH,601665,齐鲁银行,山东,银行
922,601666.SH,601666,平煤股份,河南,煤炭开采
923,601668.SH,601668,中国建筑,北京,建筑工程
924,601669.SH,601669,中国电建,北京,建筑工程
925,601677.SH,601677,明泰铝业,河南,铝
926,601678.SH,601678,滨化股份,山东,化工原料
927,601686.SH,601686,友发集团,天津,钢加工
928,601688.SH,601688,华泰证券,江苏,证券
929,601689.SH,601689,拓普集团,浙江,汽车配件
930,601696.SH,601696,中银证券,上海,证券
931,601698.SH,601698,中国卫通,北京,电信运营
932,601699.SH,601699,潞安环能,山西,煤炭开采
933,601700.SH,601700,风范股份,江苏,电气设备
934,601702.SH,601702,华峰铝业,上海,铝
935,601717.SH,601717,郑煤机,河南,汽车配件
936,601718.SH,601718,际华集团,北京,服饰
937,601727.SH,601727,上海电气,上海,电气设备
938,601728.SH,601728,中国电信,北京,电信运营
939,601766.SH,601766,中国中车,北京,运输设备
940,601777.SH,601777,力帆科技,重庆,摩托车
941,601778.SH,601778,晶科科技,江西,新型电力
942,601788.SH,601788,光大证券,上海,证券
943,601789.SH,601789,宁波建工,浙江,建筑工程
944,601798.SH,601798,蓝科高新,甘肃,化工机械
945,601799.SH,601799,星宇股份,江苏,汽车配件
946,601800.SH,601800,中国交建,北京,建筑工程
947,601801.SH,601801,皖新传媒,安徽,出版业
948,601808.SH,601808,中海油服,天津,石油开采
949,601811.SH,601811,新华文轩,四川,出版业
950,601816.SH,601816,京沪高铁,北京,铁路
951,601818.SH,601818,光大银行,北京,银行
952,601825.SH,601825,沪农商行,上海,银行
953,601827.SH,601827,三峰环境,重庆,环境保护
954,601828.SH,601828,美凯龙,上海,其他商业
955,601838.SH,601838,成都银行,四川,银行
956,601857.SH,601857,中国石油,北京,石油开采
957,601858.SH,601858,中国科传,北京,出版业
958,601860.SH,601860,紫金银行,江苏,银行
959,601865.SH,601865,福莱特,浙江,玻璃
960,601866.SH,601866,中远海发,上海,水运
961,601868.SH,601868,中国能建,北京,建筑工程
962,601869.SH,601869,长飞光纤,湖北,通信设备
963,601872.SH,601872,招商轮船,上海,水运
964,601877.SH,601877,正泰电器,浙江,电气设备
965,601878.SH,601878,浙商证券,浙江,证券
966,601880.SH,601880,辽港股份,辽宁,港口
967,601881.SH,601881,中国银河,北京,证券
968,601882.SH,601882,海天精工,浙江,机床制造
969,601886.SH,601886,江河集团,北京,装修装饰
970,601888.SH,601888,中国中免,北京,旅游服务
971,601890.SH,601890,亚星锚链,江苏,船舶
972,601898.SH,601898,中煤能源,北京,煤炭开采
973,601899.SH,601899,紫金矿业,福建,铜
974,601900.SH,601900,南方传媒,广东,出版业
975,601901.SH,601901,方正证券,湖南,证券
976,601908.SH,601908,京运通,北京,新型电力
977,601916.SH,601916,浙商银行,浙江,银行
978,601918.SH,601918,新集能源,安徽,煤炭开采
979,601919.SH,601919,中远海控,天津,水运
980,601921.SH,601921,浙版传媒,浙江,出版业
981,601928.SH,601928,凤凰传媒,江苏,出版业
982,601929.SH,601929,吉视传媒,吉林,影视音像
983,601933.SH,601933,永辉超市,福建,超市连锁
984,601939.SH,601939,建设银行,北京,银行
985,601949.SH,601949,中国出版,北京,出版业
986,601952.SH,601952,苏垦农发,江苏,种植业
987,601956.SH,601956,东贝集团,湖北,家用电器
988,601958.SH,601958,金钼股份,陕西,小金属
989,601963.SH,601963,重庆银行,重庆,银行
990,601965.SH,601965,中国汽研,重庆,汽车服务
991,601966.SH,601966,玲珑轮胎,山东,汽车配件
992,601968.SH,601968,宝钢包装,上海,广告包装
993,601969.SH,601969,海南矿业,海南,普钢
994,601975.SH,601975,招商南油,江苏,水运
995,601985.SH,601985,中国核电,北京,新型电力
996,601988.SH,601988,中国银行,北京,银行
997,601989.SH,601989,中国重工,北京,船舶
998,601990.SH,601990,南京证券,江苏,证券
999,601991.SH,601991,大唐发电,北京,火力发电
1000,601992.SH,601992,金隅集团,北京,水泥
1001,601995.SH,601995,中金公司,北京,证券
1002,601996.SH,601996,丰林集团,广西,家居用品
1003,601997.SH,601997,贵阳银行,贵州,银行
1004,601998.SH,601998,中信银行,北京,银行
1005,601999.SH,601999,出版传媒,辽宁,出版业
1006,603000.SH,603000,人民网,北京,互联网
1007,603001.SH,603001,奥康国际,浙江,服饰
1008,603002.SH,603002,宏昌电子,广东,化工原料
1009,603003.SH,603003,龙宇燃油,上海,石油贸易
1010,603005.SH,603005,晶方科技,江苏,半导体
1011,603006.SH,603006,联明股份,上海,汽车配件
1012,603007.SH,603007,ST花王,江苏,建筑工程
1013,603008.SH,603008,喜临门,浙江,家居用品
1014,603009.SH,603009,北特科技,上海,汽车配件
1015,603010.SH,603010,万盛股份,浙江,化工原料
1016,603011.SH,603011,合锻智能,安徽,机床制造
1017,603012.SH,603012,创力集团,上海,专用机械
1018,603013.SH,603013,亚普股份,江苏,汽车配件
1019,603015.SH,603015,弘讯科技,浙江,电气设备
1020,603016.SH,603016,新宏泰,江苏,电气设备
1021,603017.SH,603017,中衡设计,江苏,建筑工程
1022,603018.SH,603018,华设集团,江苏,建筑工程
1023,603019.SH,603019,中科曙光,天津,IT设备
1024,603020.SH,603020,爱普股份,上海,食品
1025,603021.SH,603021,山东华鹏,山东,家居用品
1026,603022.SH,603022,新通联,上海,广告包装
1027,603023.SH,603023,威帝股份,黑龙江,汽车配件
1028,603025.SH,603025,大豪科技,北京,纺织机械
1029,603026.SH,603026,石大胜华,山东,化工原料
1030,603027.SH,603027,千禾味业,四川,食品
1031,603028.SH,603028,赛福天,江苏,钢加工
1032,603029.SH,603029,天鹅股份,山东,农用机械
1033,603030.SH,603030,全筑股份,上海,装修装饰
1034,603031.SH,603031,安孚科技,安徽,百货
1035,603032.SH,603032,德新交运,新疆,专用机械
1036,603033.SH,603033,三维股份,浙江,橡胶
1037,603035.SH,603035,常熟汽饰,江苏,汽车配件
1038,603036.SH,603036,如通股份,江苏,专用机械
1039,603037.SH,603037,凯众股份,上海,汽车配件
1040,603038.SH,603038,华立股份,广东,装修装饰
1041,603039.SH,603039,ST泛微,上海,软件服务
1042,603040.SH,603040,新坐标,浙江,汽车配件
1043,603041.SH,603041,美思德,江苏,化工原料
1044,603042.SH,603042,华脉科技,江苏,通信设备
1045,603043.SH,603043,广州酒家,广东,食品
1046,603045.SH,603045,福达合金,浙江,电气设备
1047,603048.SH,603048,浙江黎明,浙江,汽车配件
1048,603050.SH,603050,科林电气,河北,电气设备
1049,603051.SH,603051,鹿山新材,广东,塑料
1050,603053.SH,603053,成都燃气,四川,供气供热
1051,603055.SH,603055,台华新材,浙江,纺织
1052,603056.SH,603056,德邦股份,上海,仓储物流
1053,603058.SH,603058,永吉股份,贵州,广告包装
1054,603059.SH,603059,倍加洁,江苏,日用化工
1055,603060.SH,603060,国检集团,北京,建筑工程
1056,603063.SH,603063,禾望电气,深圳,电气设备
1057,603066.SH,603066,音飞储存,江苏,仓储物流
1058,603067.SH,603067,振华股份,湖北,化工原料
1059,603068.SH,603068,博通集成,上海,半导体
1060,603069.SH,603069,海汽集团,海南,公路
1061,603070.SH,603070,万控智造,浙江,电气设备
1062,603071.SH,603071,物产环能,浙江,批发业
1063,603076.SH,603076,乐惠国际,浙江,专用机械
1064,603077.SH,603077,和邦生物,四川,化工原料
1065,603078.SH,603078,江化微,江苏,半导体
1066,603079.SH,603079,圣达生物,浙江,食品
1067,603080.SH,603080,新疆火炬,新疆,供气供热
1068,603081.SH,603081,大丰实业,浙江,专用机械
1069,603083.SH,603083,剑桥科技,上海,通信设备
1070,603085.SH,603085,天成自控,浙江,汽车配件
1071,603086.SH,603086,先达股份,山东,农药化肥
1072,603087.SH,603087,甘李药业,北京,生物制药
1073,603088.SH,603088,宁波精达,浙江,专用机械
1074,603089.SH,603089,正裕工业,浙江,汽车配件
1075,603090.SH,603090,宏盛股份,江苏,专用机械
1076,603093.SH,603093,南华期货,浙江,多元金融
1077,603095.SH,603095,越剑智能,浙江,纺织机械
1078,603096.SH,603096,新经典,天津,出版业
1079,603097.SH,603097,江苏华辰,江苏,电气设备
1080,603098.SH,603098,森特股份,北京,装修装饰
1081,603099.SH,603099,长白山,吉林,旅游景点
1082,603100.SH,603100,川仪股份,重庆,电器仪表
1083,603101.SH,603101,汇嘉时代,新疆,百货
1084,603102.SH,603102,百合股份,山东,医疗保健
1085,603103.SH,603103,横店影视,浙江,影视音像
1086,603105.SH,603105,芯能科技,浙江,电气设备
1087,603106.SH,603106,恒银科技,天津,IT设备
1088,603108.SH,603108,润达医疗,上海,医药商业
1089,603109.SH,603109,神驰机电,重庆,电气设备
1090,603110.SH,603110,东方材料,安徽,染料涂料
1091,603111.SH,603111,康尼机电,江苏,运输设备
1092,603112.SH,603112,华翔股份,山西,机械基件
1093,603113.SH,603113,金能科技,山东,焦炭加工
1094,603115.SH,603115,海星股份,江苏,铝
1095,603116.SH,603116,红蜻蜓,浙江,服饰
1096,603117.SH,603117,ST万林,江苏,仓储物流
1097,603118.SH,603118,共进股份,深圳,通信设备
1098,603121.SH,603121,华培动力,上海,汽车配件
1099,603122.SH,603122,合富中国,上海,医药商业
1100,603123.SH,603123,翠微股份,北京,百货
1101,603126.SH,603126,中材节能,天津,环境保护
1102,603127.SH,603127,昭衍新药,北京,医疗保健
1103,603128.SH,603128,华贸物流,上海,仓储物流
1104,603129.SH,603129,春风动力,浙江,摩托车
1105,603131.SH,603131,上海沪工,上海,专用机械
1106,603132.SH,603132,金徽股份,甘肃,铅锌
1107,603133.SH,603133,碳元科技,江苏,元器件
1108,603136.SH,603136,天目湖,江苏,旅游景点
1109,603138.SH,603138,海量数据,北京,软件服务
1110,603139.SH,603139,康惠制药,陕西,中成药
1111,603150.SH,603150,万朗磁塑,安徽,塑料
1112,603155.SH,603155,新亚强,江苏,化工原料
1113,603156.SH,603156,养元饮品,河北,软饮料
1114,603158.SH,603158,腾龙股份,江苏,汽车配件
1115,603159.SH,603159,上海亚虹,上海,专用机械
1116,603160.SH,603160,汇顶科技,深圳,元器件
1117,603161.SH,603161,科华控股,江苏,汽车配件
1118,603165.SH,603165,荣晟环保,浙江,造纸
1119,603166.SH,603166,福达股份,广西,汽车配件
1120,603167.SH,603167,渤海轮渡,山东,水运
1121,603168.SH,603168,莎普爱思,浙江,化学制药
1122,603169.SH,603169,兰石重装,甘肃,专用机械
1123,603171.SH,603171,税友股份,浙江,软件服务
1124,603176.SH,603176,汇通集团,河北,建筑工程
1125,603177.SH,603177,德创环保,浙江,环境保护
1126,603178.SH,603178,圣龙股份,浙江,汽车配件
1127,603179.SH,603179,新泉股份,江苏,汽车配件
1128,603180.SH,603180,金牌厨柜,福建,家居用品
1129,603181.SH,603181,皇马科技,浙江,化工原料
1130,603183.SH,603183,建研院,江苏,建筑工程
1131,603185.SH,603185,上机数控,江苏,电气设备
1132,603186.SH,603186,华正新材,浙江,元器件
1133,603187.SH,603187,海容冷链,山东,机械基件
1134,603188.SH,603188,亚邦股份,江苏,染料涂料
1135,603189.SH,603189,网达软件,上海,软件服务
1136,603191.SH,603191,望变电气,重庆,电气设备
1137,603192.SH,603192,汇得科技,上海,化工原料
1138,603195.SH,603195,公牛集团,浙江,家用电器
1139,603196.SH,603196,日播时尚,上海,服饰
1140,603197.SH,603197,保隆科技,上海,汽车配件
1141,603198.SH,603198,迎驾贡酒,安徽,白酒
1142,603199.SH,603199,九华旅游,安徽,旅游景点
1143,603200.SH,603200,上海洗霸,上海,环境保护
1144,603203.SH,603203,快克股份,江苏,专用机械
1145,603206.SH,603206,嘉环科技,江苏,软件服务
1146,603208.SH,603208,江山欧派,浙江,家居用品
1147,603209.SH,603209,兴通股份,福建,水运
1148,603212.SH,603212,赛伍技术,江苏,塑料
1149,603213.SH,603213,镇洋发展,浙江,化工原料
1150,603214.SH,603214,爱婴室,上海,百货
1151,603215.SH,603215,比依股份,浙江,家用电器
1152,603216.SH,603216,梦天家居,浙江,家居用品
1153,603217.SH,603217,元利科技,山东,化工原料
1154,603218.SH,603218,日月股份,浙江,电气设备
1155,603219.SH,603219,富佳股份,浙江,家用电器
1156,603220.SH,603220,中贝通信,湖北,通信设备
1157,603221.SH,603221,爱丽家居,江苏,家居用品
1158,603222.SH,603222,济民医疗,浙江,医疗保健
1159,603223.SH,603223,恒通股份,山东,仓储物流
1160,603225.SH,603225,新凤鸣,浙江,化纤
1161,603226.SH,603226,菲林格尔,上海,家居用品
1162,603227.SH,603227,雪峰科技,新疆,化工原料
1163,603228.SH,603228,景旺电子,深圳,元器件
1164,603229.SH,603229,奥翔药业,浙江,化学制药
1165,603230.SH,603230,内蒙新华,内蒙,出版业
1166,603232.SH,603232,格尔软件,上海,软件服务
1167,603233.SH,603233,大参林,广东,医药商业
1168,603235.SH,603235,N天新,江西,化学制药
1169,603236.SH,603236,移远通信,上海,通信设备
1170,603238.SH,603238,诺邦股份,浙江,纺织
1171,603239.SH,603239,浙江仙通,浙江,汽车配件
1172,603256.SH,603256,宏和科技,上海,玻璃
1173,603258.SH,603258,电魂网络,浙江,互联网
1174,603259.SH,603259,药明康德,江苏,化学制药
1175,603260.SH,603260,合盛硅业,浙江,化工原料
1176,603261.SH,603261,立航科技,四川,航空
1177,603266.SH,603266,天龙股份,浙江,汽车配件
1178,603267.SH,603267,鸿远电子,北京,元器件
1179,603268.SH,603268,松发股份,广东,陶瓷
1180,603269.SH,603269,海鸥股份,江苏,机械基件
1181,603272.SH,603272,联翔股份,浙江,家居用品
1182,603277.SH,603277,银都股份,浙江,专用机械
1183,603278.SH,603278,大业股份,山东,钢加工
1184,603279.SH,603279,景津装备,山东,环境保护
1185,603283.SH,603283,赛腾股份,江苏,专用机械
1186,603286.SH,603286,日盈电子,江苏,汽车配件
1187,603288.SH,603288,海天味业,广东,食品
1188,603289.SH,603289,泰瑞机器,浙江,专用机械
1189,603290.SH,603290,斯达半导,浙江,半导体
1190,603297.SH,603297,永新光学,浙江,元器件
1191,603298.SH,603298,杭叉集团,浙江,专用机械
1192,603299.SH,603299,苏盐井神,江苏,食品
1193,603300.SH,603300,华铁应急,浙江,多元金融
1194,603301.SH,603301,振德医疗,浙江,医疗保健
1195,603303.SH,603303,得邦照明,浙江,家用电器
1196,603305.SH,603305,旭升股份,浙江,汽车配件
1197,603306.SH,603306,华懋科技,福建,汽车配件
1198,603308.SH,603308,应流股份,安徽,专用机械
1199,603309.SH,603309,维力医疗,广东,医疗保健
1200,603311.SH,603311,金海高科,浙江,家用电器
1201,603313.SH,603313,梦百合,江苏,家居用品
1202,603315.SH,603315,福鞍股份,辽宁,机械基件
1203,603316.SH,603316,诚邦股份,浙江,建筑工程
1204,603317.SH,603317,天味食品,四川,食品
1205,603318.SH,603318,水发燃气,辽宁,供气供热
1206,603319.SH,603319,湘油泵,湖南,汽车配件
1207,603320.SH,603320,迪贝电气,浙江,机械基件
1208,603321.SH,603321,梅轮电梯,浙江,运输设备
1209,603322.SH,603322,超讯通信,广东,通信设备
1210,603323.SH,603323,苏农银行,江苏,银行
1211,603324.SH,603324,盛剑环境,上海,环境保护
1212,603326.SH,603326,我乐家居,江苏,家居用品
1213,603327.SH,603327,福蓉科技,四川,元器件
1214,603328.SH,603328,依顿电子,广东,元器件
1215,603329.SH,603329,上海雅仕,上海,仓储物流
1216,603330.SH,603330,上海天洋,上海,塑料
1217,603331.SH,603331,百达精工,浙江,专用机械
1218,603332.SH,603332,苏州龙杰,江苏,化纤
1219,603333.SH,603333,尚纬股份,四川,电气设备
1220,603335.SH,603335,迪生力,广东,汽车配件
1221,603336.SH,603336,宏辉果蔬,广东,农业综合
1222,603337.SH,603337,杰克股份,浙江,纺织机械
1223,603338.SH,603338,浙江鼎力,浙江,专用机械
1224,603339.SH,603339,四方科技,江苏,专用机械
1225,603345.SH,603345,安井食品,福建,食品
1226,603348.SH,603348,文灿股份,广东,汽车配件
1227,603351.SH,603351,威尔药业,江苏,化学制药
1228,603353.SH,603353,和顺石油,湖南,石油贸易
1229,603355.SH,603355,莱克电气,江苏,家用电器
1230,603356.SH,603356,华菱精工,安徽,运输设备
1231,603357.SH,603357,设计总院,安徽,建筑工程
1232,603358.SH,603358,华达科技,江苏,汽车配件
1233,603359.SH,603359,东珠生态,江苏,环境保护
1234,603360.SH,603360,百傲化学,辽宁,农药化肥
1235,603363.SH,603363,傲农生物,福建,饲料
1236,603365.SH,603365,水星家纺,上海,纺织
1237,603366.SH,603366,日出东方,江苏,家用电器
1238,603367.SH,603367,辰欣药业,山东,化学制药
1239,603368.SH,603368,柳药集团,广西,医药商业
1240,603369.SH,603369,今世缘,江苏,白酒
1241,603377.SH,603377,东方时尚,北京,汽车服务
1242,603378.SH,603378,亚士创能,上海,染料涂料
1243,603379.SH,603379,三美股份,浙江,化工原料
1244,603380.SH,603380,易德龙,江苏,元器件
1245,603383.SH,603383,顶点软件,福建,软件服务
1246,603385.SH,603385,惠达卫浴,河北,家居用品
1247,603386.SH,603386,骏亚科技,广东,元器件
1248,603387.SH,603387,基蛋生物,江苏,医疗保健
1249,603388.SH,603388,元成股份,浙江,建筑工程
1250,603389.SH,603389,亚振家居,江苏,家居用品
1251,603390.SH,603390,通达电气,广东,汽车配件
1252,603392.SH,603392,万泰生物,北京,医疗保健
1253,603393.SH,603393,新天然气,新疆,供气供热
1254,603396.SH,603396,金辰股份,辽宁,专用机械
1255,603398.SH,603398,沐邦高科,江西,文教休闲
1256,603399.SH,603399,吉翔股份,辽宁,小金属
1257,603408.SH,603408,建霖家居,福建,家居用品
1258,603416.SH,603416,信捷电气,江苏,电器仪表
1259,603421.SH,603421,鼎信通讯,山东,通信设备
1260,603429.SH,603429,集友股份,安徽,广告包装
1261,603439.SH,603439,贵州三力,贵州,中成药
1262,603444.SH,603444,吉比特,福建,互联网
1263,603456.SH,603456,九洲药业,浙江,医疗保健
1264,603458.SH,603458,勘设股份,贵州,建筑工程
1265,603466.SH,603466,风语筑,上海,文教休闲
1266,603477.SH,603477,巨星农牧,四川,农业综合
1267,603486.SH,603486,科沃斯,江苏,家用电器
1268,603488.SH,603488,展鹏科技,江苏,运输设备
1269,603489.SH,603489,八方股份,江苏,电气设备
1270,603496.SH,603496,恒为科技,上海,IT设备
1271,603499.SH,603499,翔港科技,上海,广告包装
1272,603500.SH,603500,祥和实业,浙江,运输设备
1273,603501.SH,603501,韦尔股份,上海,半导体
1274,603505.SH,603505,金石资源,浙江,化工原料
1275,603506.SH,603506,南都物业,浙江,房产服务
1276,603507.SH,603507,振江股份,江苏,电气设备
1277,603508.SH,603508,思维列控,河南,软件服务
1278,603511.SH,603511,爱慕股份,北京,服饰
1279,603515.SH,603515,欧普照明,上海,电气设备
1280,603516.SH,603516,淳中科技,北京,通信设备
1281,603517.SH,603517,绝味食品,湖南,食品
1282,603518.SH,603518,锦泓集团,江苏,服饰
1283,603519.SH,603519,立霸股份,江苏,家用电器
1284,603520.SH,603520,司太立,浙江,化学制药
1285,603527.SH,603527,众源新材,安徽,铜
1286,603528.SH,603528,多伦科技,江苏,软件服务
1287,603529.SH,603529,爱玛科技,天津,摩托车
1288,603530.SH,603530,神马电力,江苏,电气设备
1289,603533.SH,603533,掌阅科技,北京,互联网
1290,603535.SH,603535,嘉诚国际,广东,仓储物流
1291,603536.SH,603536,惠发食品,山东,食品
1292,603538.SH,603538,美诺华,浙江,化学制药
1293,603551.SH,603551,奥普家居,浙江,家居用品
1294,603555.SH,603555,贵人鸟,福建,服饰
1295,603556.SH,603556,海兴电力,浙江,电器仪表
1296,603557.SH,603557,ST起步,浙江,服饰
1297,603558.SH,603558,健盛集团,浙江,纺织
1298,603559.SH,603559,中通国脉,吉林,通信设备
1299,603565.SH,603565,中谷物流,上海,仓储物流
1300,603566.SH,603566,普莱柯,河南,农业综合
1301,603567.SH,603567,珍宝岛,黑龙江,中成药
1302,603568.SH,603568,伟明环保,浙江,环境保护
1303,603569.SH,603569,长久物流,北京,仓储物流
1304,603577.SH,603577,汇金通,山东,电气设备
1305,603578.SH,603578,三星新材,浙江,玻璃
1306,603579.SH,603579,荣泰健康,上海,家用电器
1307,603580.SH,603580,艾艾精工,上海,化工原料
1308,603583.SH,603583,捷昌驱动,浙江,电气设备
1309,603585.SH,603585,苏利股份,江苏,农药化肥
1310,603586.SH,603586,金麒麟,山东,汽车配件
1311,603587.SH,603587,地素时尚,上海,服饰
1312,603588.SH,603588,高能环境,北京,环境保护
1313,603589.SH,603589,口子窖,安徽,白酒
1314,603590.SH,603590,康辰药业,北京,生物制药
1315,603595.SH,603595,东尼电子,浙江,元器件
1316,603596.SH,603596,伯特利,安徽,汽车配件
1317,603598.SH,603598,引力传媒,北京,影视音像
1318,603599.SH,603599,广信股份,安徽,农药化肥
1319,603600.SH,603600,永艺股份,浙江,家居用品
1320,603601.SH,603601,再升科技,重庆,玻璃
1321,603602.SH,603602,纵横通信,浙江,通信设备
1322,603603.SH,603603,*ST博天,北京,环境保护
1323,603605.SH,603605,珀莱雅,浙江,日用化工
1324,603606.SH,603606,东方电缆,浙江,电气设备
1325,603607.SH,603607,京华激光,浙江,造纸
1326,603608.SH,603608,天创时尚,广东,服饰
1327,603609.SH,603609,禾丰股份,辽宁,饲料
1328,603610.SH,603610,麒盛科技,浙江,家居用品
1329,603611.SH,603611,诺力股份,浙江,运输设备
1330,603612.SH,603612,索通发展,山东,矿物制品
1331,603613.SH,603613,国联股份,北京,互联网
1332,603615.SH,603615,茶花股份,福建,家居用品
1333,603616.SH,603616,韩建河山,北京,水泥
1334,603617.SH,603617,君禾股份,浙江,专用机械
1335,603618.SH,603618,杭电股份,浙江,电气设备
1336,603619.SH,603619,中曼石油,上海,石油开采
1337,603626.SH,603626,科森科技,江苏,元器件
1338,603628.SH,603628,清源股份,福建,电气设备
1339,603629.SH,603629,利通电子,江苏,元器件
1340,603630.SH,603630,拉芳家化,广东,日用化工
1341,603633.SH,603633,徕木股份,上海,元器件
1342,603636.SH,603636,南威软件,福建,软件服务
1343,603637.SH,603637,镇海股份,浙江,建筑工程
1344,603638.SH,603638,艾迪精密,山东,专用机械
1345,603639.SH,603639,海利尔,山东,农药化肥
1346,603648.SH,603648,畅联股份,上海,仓储物流
1347,603650.SH,603650,彤程新材,上海,化工原料
1348,603655.SH,603655,朗博科技,江苏,汽车配件
1349,603656.SH,603656,泰禾智能,安徽,专用机械
1350,603657.SH,603657,春光科技,浙江,家用电器
1351,603658.SH,603658,安图生物,河南,医疗保健
1352,603659.SH,603659,璞泰来,上海,化工原料
1353,603660.SH,603660,苏州科达,江苏,通信设备
1354,603661.SH,603661,恒林股份,浙江,家居用品
1355,603662.SH,603662,柯力传感,浙江,电器仪表
1356,603663.SH,603663,三祥新材,福建,小金属
1357,603665.SH,603665,康隆达,浙江,纺织
1358,603666.SH,603666,亿嘉和,江苏,专用机械
1359,603667.SH,603667,五洲新春,浙江,机械基件
1360,603668.SH,603668,天马科技,福建,饲料
1361,603669.SH,603669,灵康药业,西藏,化学制药
1362,603676.SH,603676,卫信康,西藏,化学制药
1363,603677.SH,603677,奇精机械,浙江,家用电器
1364,603678.SH,603678,火炬电子,福建,元器件
1365,603679.SH,603679,华体科技,四川,电气设备
1366,603680.SH,603680,今创集团,江苏,运输设备
1367,603681.SH,603681,永冠新材,上海,化工原料
1368,603682.SH,603682,锦和商管,上海,房产服务
1369,603683.SH,603683,晶华新材,上海,化工原料
1370,603685.SH,603685,晨丰科技,浙江,电气设备
1371,603686.SH,603686,福龙马,福建,环境保护
1372,603687.SH,603687,大胜达,浙江,广告包装
1373,603688.SH,603688,石英股份,江苏,矿物制品
1374,603689.SH,603689,皖天然气,安徽,供气供热
1375,603690.SH,603690,至纯科技,上海,半导体
1376,603693.SH,603693,江苏新能,江苏,新型电力
1377,603696.SH,603696,安记食品,福建,食品
1378,603697.SH,603697,有友食品,重庆,食品
1379,603698.SH,603698,航天工程,北京,专用机械
1380,603699.SH,603699,纽威股份,江苏,专用机械
1381,603700.SH,603700,宁水集团,浙江,电器仪表
1382,603701.SH,603701,德宏股份,浙江,汽车配件
1383,603703.SH,603703,盛洋科技,浙江,通信设备
1384,603706.SH,603706,东方环宇,新疆,供气供热
1385,603707.SH,603707,健友股份,江苏,生物制药
1386,603708.SH,603708,家家悦,山东,超市连锁
1387,603709.SH,603709,中源家居,浙江,家居用品
1388,603711.SH,603711,香飘飘,浙江,软饮料
1389,603712.SH,603712,七一二,天津,通信设备
1390,603713.SH,603713,密尔克卫,上海,仓储物流
1391,603716.SH,603716,塞力医疗,湖北,医药商业
1392,603717.SH,603717,天域生态,重庆,环境保护
1393,603718.SH,603718,海利生物,上海,农业综合
1394,603719.SH,603719,良品铺子,湖北,食品
1395,603721.SH,603721,中广天择,湖南,影视音像
1396,603722.SH,603722,阿科力,江苏,化工原料
1397,603725.SH,603725,天安新材,广东,塑料
1398,603726.SH,603726,朗迪集团,浙江,家用电器
1399,603727.SH,603727,博迈科,天津,石油开采
1400,603728.SH,603728,鸣志电器,上海,电气设备
1401,603729.SH,603729,龙韵股份,上海,广告包装
1402,603730.SH,603730,岱美股份,上海,汽车配件
1403,603733.SH,603733,仙鹤股份,浙江,造纸
1404,603737.SH,603737,三棵树,福建,染料涂料
1405,603738.SH,603738,泰晶科技,湖北,元器件
1406,603739.SH,603739,蔚蓝生物,山东,农业综合
1407,603755.SH,603755,日辰股份,山东,食品
1408,603757.SH,603757,大元泵业,浙江,专用机械
1409,603758.SH,603758,秦安股份,重庆,汽车配件
1410,603759.SH,603759,海天股份,四川,水务
1411,603766.SH,603766,隆鑫通用,重庆,摩托车
1412,603767.SH,603767,中马传动,浙江,汽车配件
1413,603768.SH,603768,常青股份,安徽,汽车配件
1414,603773.SH,603773,沃格光电,江西,元器件
1415,603776.SH,603776,永安行,江苏,公共交通
1416,603777.SH,603777,来伊份,上海,食品
1417,603778.SH,603778,乾景园林,北京,建筑工程
1418,603779.SH,603779,威龙股份,山东,红黄酒
1419,603786.SH,603786,科博达,上海,汽车配件
1420,603787.SH,603787,新日股份,江苏,摩托车
1421,603788.SH,603788,宁波高发,浙江,汽车配件
1422,603789.SH,603789,星光农机,浙江,农用机械
1423,603790.SH,603790,雅运股份,上海,染料涂料
1424,603797.SH,603797,联泰环保,广东,环境保护
1425,603798.SH,603798,康普顿,山东,石油加工
1426,603799.SH,603799,华友钴业,浙江,小金属
1427,603800.SH,603800,道森股份,江苏,专用机械
1428,603801.SH,603801,志邦家居,安徽,家居用品
1429,603803.SH,603803,瑞斯康达,北京,通信设备
1430,603806.SH,603806,福斯特,浙江,塑料
1431,603808.SH,603808,歌力思,深圳,服饰
1432,603809.SH,603809,豪能股份,四川,汽车配件
1433,603810.SH,603810,丰山集团,江苏,农药化肥
1434,603811.SH,603811,诚意药业,浙江,化学制药
1435,603813.SH,603813,原尚股份,广东,仓储物流
1436,603815.SH,603815,交建股份,安徽,建筑工程
1437,603816.SH,603816,顾家家居,浙江,家居用品
1438,603817.SH,603817,海峡环保,福建,环境保护
1439,603818.SH,603818,曲美家居,北京,家居用品
1440,603819.SH,603819,神力股份,江苏,电气设备
1441,603822.SH,603822,嘉澳环保,浙江,化工原料
1442,603823.SH,603823,百合花,浙江,染料涂料
1443,603825.SH,603825,华扬联众,北京,互联网
1444,603826.SH,603826,坤彩科技,福建,染料涂料
1445,603828.SH,603828,柯利达,江苏,装修装饰
1446,603829.SH,603829,洛凯股份,江苏,电气设备
1447,603833.SH,603833,欧派家居,广东,家居用品
1448,603836.SH,603836,海程邦达,山东,仓储物流
1449,603838.SH,603838,四通股份,广东,陶瓷
1450,603839.SH,603839,安正时尚,浙江,服饰
1451,603843.SH,603843,正平股份,青海,建筑工程
1452,603848.SH,603848,好太太,广东,家居用品
1453,603855.SH,603855,华荣股份,上海,专用机械
1454,603856.SH,603856,东宏股份,山东,塑料
1455,603858.SH,603858,步长制药,山东,中成药
1456,603859.SH,603859,能科科技,北京,专用机械
1457,603860.SH,603860,中公高科,北京,建筑工程
1458,603861.SH,603861,白云电器,广东,电气设备
1459,603863.SH,603863,松炀资源,广东,造纸
1460,603866.SH,603866,桃李面包,辽宁,食品
1461,603867.SH,603867,新化股份,浙江,化工原料
1462,603868.SH,603868,飞科电器,上海,家用电器
1463,603869.SH,603869,新智认知,广西,软件服务
1464,603871.SH,603871,嘉友国际,北京,仓储物流
1465,603876.SH,603876,鼎胜新材,江苏,铝
1466,603877.SH,603877,太平鸟,浙江,服饰
1467,603878.SH,603878,武进不锈,江苏,钢加工
1468,603879.SH,603879,永悦科技,福建,化工原料
1469,603880.SH,603880,南卫股份,江苏,医疗保健
1470,603881.SH,603881,数据港,上海,电信运营
1471,603882.SH,603882,金域医学,广东,医疗保健
1472,603883.SH,603883,老百姓,湖南,医药商业
1473,603885.SH,603885,吉祥航空,上海,空运
1474,603886.SH,603886,元祖股份,上海,食品
1475,603887.SH,603887,城地香江,上海,软件服务
1476,603888.SH,603888,新华网,北京,互联网
1477,603889.SH,603889,新澳股份,浙江,纺织
1478,603890.SH,603890,春秋电子,江苏,元器件
1479,603893.SH,603893,瑞芯微,福建,半导体
1480,603895.SH,603895,天永智能,上海,专用机械
1481,603896.SH,603896,寿仙谷,浙江,中成药
1482,603897.SH,603897,长城科技,浙江,电气设备
1483,603898.SH,603898,好莱客,广东,家居用品
1484,603899.SH,603899,晨光股份,上海,文教休闲
1485,603900.SH,603900,莱绅通灵,江苏,服饰
1486,603901.SH,603901,永创智能,浙江,专用机械
1487,603903.SH,603903,中持股份,北京,环境保护
1488,603906.SH,603906,龙蟠科技,江苏,化工原料
1489,603908.SH,603908,牧高笛,浙江,纺织
1490,603909.SH,603909,建发合诚,福建,建筑工程
1491,603912.SH,603912,佳力图,江苏,专用机械
1492,603915.SH,603915,国茂股份,江苏,机械基件
1493,603916.SH,603916,苏博特,江苏,化工原料
1494,603917.SH,603917,合力科技,浙江,汽车配件
1495,603918.SH,603918,金桥信息,上海,软件服务
1496,603919.SH,603919,金徽酒,甘肃,白酒
1497,603920.SH,603920,世运电路,广东,元器件
1498,603922.SH,603922,金鸿顺,江苏,汽车配件
1499,603926.SH,603926,铁流股份,浙江,汽车配件
1500,603927.SH,603927,中科软,北京,软件服务
1501,603928.SH,603928,兴业股份,江苏,化工原料
1502,603929.SH,603929,亚翔集成,江苏,装修装饰
1503,603931.SH,603931,格林达,浙江,化工原料
1504,603933.SH,603933,睿能科技,福建,商贸代理
1505,603936.SH,603936,博敏电子,广东,元器件
1506,603937.SH,603937,丽岛新材,江苏,铝
1507,603938.SH,603938,三孚股份,河北,化工原料
1508,603939.SH,603939,益丰药房,湖南,医药商业
1509,603948.SH,603948,建业股份,浙江,化工原料
1510,603949.SH,603949,雪龙集团,浙江,汽车配件
1511,603950.SH,603950,长源东谷,湖北,汽车配件
1512,603955.SH,603955,大千生态,江苏,环境保护
1513,603956.SH,603956,威派格,上海,专用机械
1514,603958.SH,603958,哈森股份,江苏,服饰
1515,603959.SH,603959,百利科技,湖南,建筑工程
1516,603960.SH,603960,克来机电,上海,汽车配件
1517,603963.SH,603963,大理药业,云南,化学制药
1518,603966.SH,603966,法兰泰克,江苏,机械基件
1519,603967.SH,603967,中创物流,山东,仓储物流
1520,603968.SH,603968,醋化股份,江苏,化工原料
1521,603969.SH,603969,银龙股份,天津,其他建材
1522,603970.SH,603970,中农立华,北京,农药化肥
1523,603976.SH,603976,正川股份,重庆,医疗保健
1524,603977.SH,603977,国泰集团,江西,化工原料
1525,603978.SH,603978,深圳新星,深圳,小金属
1526,603979.SH,603979,金诚信,北京,建筑工程
1527,603980.SH,603980,吉华集团,浙江,染料涂料
1528,603982.SH,603982,泉峰汽车,江苏,汽车配件
1529,603983.SH,603983,丸美股份,广东,日用化工
1530,603985.SH,603985,恒润股份,江苏,机械基件
1531,603986.SH,603986,兆易创新,北京,半导体
1532,603987.SH,603987,康德莱,上海,医疗保健
1533,603988.SH,603988,中电电机,江苏,电气设备
1534,603989.SH,603989,艾华集团,湖南,元器件
1535,603990.SH,603990,麦迪科技,江苏,软件服务
1536,603991.SH,603991,至正股份,深圳,塑料
1537,603992.SH,603992,松霖科技,福建,家居用品
1538,603993.SH,603993,洛阳钼业,河南,小金属
1539,603995.SH,603995,甬金股份,浙江,特种钢
1540,603997.SH,603997,继峰股份,浙江,汽车配件
1541,603998.SH,603998,方盛制药,湖南,中成药
1542,603999.SH,603999,读者传媒,甘肃,出版业
1543,605001.SH,605001,威奥股份,山东,运输设备
1544,605003.SH,605003,众望布艺,浙江,纺织
1545,605005.SH,605005,合兴股份,浙江,汽车配件
1546,605006.SH,605006,山东玻纤,山东,玻璃
1547,605007.SH,605007,五洲特纸,浙江,造纸
1548,605008.SH,605008,长鸿高科,浙江,橡胶
1549,605009.SH,605009,豪悦护理,浙江,造纸
1550,605011.SH,605011,杭州热电,浙江,供气供热
1551,605016.SH,605016,百龙创园,山东,食品
1552,605018.SH,605018,长华股份,浙江,汽车配件
1553,605020.SH,605020,永和股份,浙江,化工原料
1554,605028.SH,605028,世茂能源,浙江,供气供热
1555,605033.SH,605033,美邦股份,陕西,农药化肥
1556,605050.SH,605050,福然德,上海,仓储物流
1557,605055.SH,605055,迎丰股份,浙江,纺织
1558,605056.SH,605056,咸亨国际,浙江,电器仪表
1559,605058.SH,605058,澳弘电子,江苏,元器件
1560,605060.SH,605060,联德股份,浙江,机械基件
1561,605066.SH,605066,天正电气,浙江,电气设备
1562,605068.SH,605068,明新旭腾,浙江,汽车配件
1563,605069.SH,605069,正和生态,北京,环境保护
1564,605077.SH,605077,华康股份,浙江,食品
1565,605080.SH,605080,浙江自然,浙江,纺织
1566,605081.SH,605081,太和水,上海,环境保护
1567,605086.SH,605086,龙高股份,福建,矿物制品
1568,605088.SH,605088,冠盛股份,浙江,汽车配件
1569,605089.SH,605089,味知香,江苏,食品
1570,605090.SH,605090,九丰能源,江西,供气供热
1571,605098.SH,605098,行动教育,上海,文教休闲
1572,605099.SH,605099,共创草坪,江苏,文教休闲
1573,605100.SH,605100,华丰股份,山东,机械基件
1574,605108.SH,605108,同庆楼,安徽,酒店餐饮
1575,605111.SH,605111,新洁能,江苏,半导体
1576,605116.SH,605116,奥锐特,浙江,化学制药
1577,605117.SH,605117,德业股份,浙江,家用电器
1578,605118.SH,605118,力鼎光电,福建,元器件
1579,605122.SH,605122,四方新材,重庆,水泥
1580,605123.SH,605123,派克新材,江苏,航空
1581,605128.SH,605128,上海沿浦,上海,汽车配件
1582,605133.SH,605133,嵘泰股份,江苏,汽车配件
1583,605136.SH,605136,丽人丽妆,上海,其他商业
1584,605138.SH,605138,盛泰集团,浙江,服饰
1585,605151.SH,605151,西上海,上海,汽车配件
1586,605155.SH,605155,西大门,浙江,家居用品
1587,605158.SH,605158,华达新材,浙江,钢加工
1588,605162.SH,605162,新中港,浙江,供气供热
1589,605166.SH,605166,聚合顺,浙江,化纤
1590,605167.SH,605167,利柏特,江苏,建筑工程
1591,605168.SH,605168,三人行,陕西,互联网
1592,605169.SH,605169,洪通燃气,新疆,供气供热
1593,605177.SH,605177,东亚药业,浙江,化学制药
1594,605178.SH,605178,时空科技,北京,装修装饰
1595,605179.SH,605179,一鸣食品,浙江,乳制品
1596,605180.SH,605180,华生科技,浙江,纺织
1597,605183.SH,605183,确成股份,江苏,化工原料
1598,605186.SH,605186,健麾信息,上海,医疗保健
1599,605188.SH,605188,国光连锁,江西,超市连锁
1600,605189.SH,605189,富春染织,安徽,纺织
1601,605196.SH,605196,华通线缆,河北,电气设备
1602,605198.SH,605198,德利股份,山东,软饮料
1603,605199.SH,605199,葫芦娃,海南,中成药
1604,605208.SH,605208,永茂泰,上海,铝
1605,605218.SH,605218,伟时电子,江苏,元器件
1606,605222.SH,605222,起帆电缆,上海,电气设备
1607,605228.SH,605228,神通科技,浙江,汽车配件
1608,605255.SH,605255,天普股份,浙江,汽车配件
1609,605258.SH,605258,协和电子,江苏,元器件
1610,605259.SH,605259,绿田机械,浙江,农用机械
1611,605266.SH,605266,健之佳,云南,医药商业
1612,605268.SH,605268,王力安防,浙江,家居用品
1613,605277.SH,605277,新亚电子,浙江,电气设备
1614,605286.SH,605286,同力日升,江苏,运输设备
1615,605287.SH,605287,德才股份,山东,装修装饰
1616,605288.SH,605288,凯迪股份,江苏,电气设备
1617,605289.SH,605289,罗曼股份,上海,建筑工程
1618,605296.SH,605296,神农集团,云南,农业综合
1619,605298.SH,605298,必得科技,江苏,运输设备
1620,605299.SH,605299,舒华体育,福建,文教休闲
1621,605300.SH,605300,佳禾食品,江苏,食品
1622,605303.SH,605303,园林股份,浙江,建筑工程
1623,605305.SH,605305,中际联合,北京,专用机械
1624,605318.SH,605318,法狮龙,浙江,装修装饰
1625,605319.SH,605319,无锡振华,江苏,汽车配件
1626,605333.SH,605333,沪光股份,江苏,汽车配件
1627,605336.SH,605336,帅丰电器,浙江,家用电器
1628,605337.SH,605337,李子园,浙江,乳制品
1629,605338.SH,605338,巴比食品,上海,食品
1630,605339.SH,605339,南侨食品,上海,食品
1631,605358.SH,605358,立昂微,浙江,半导体
1632,605365.SH,605365,立达信,福建,家用电器
1633,605366.SH,605366,宏柏新材,江西,化工原料
1634,605368.SH,605368,蓝天燃气,河南,供气供热
1635,605369.SH,605369,拱东医疗,浙江,医疗保健
1636,605376.SH,605376,博迁新材,江苏,小金属
1637,605377.SH,605377,华旺科技,浙江,造纸
1638,605378.SH,605378,野马电池,浙江,电气设备
1639,605388.SH,605388,均瑶健康,湖北,软饮料
1640,605389.SH,605389,长龄液压,江苏,机械基件
1641,605398.SH,605398,新炬网络,上海,软件服务
1642,605399.SH,605399,晨光新材,江西,化工原料
1643,605488.SH,605488,福莱新材,浙江,塑料
1644,605499.SH,605499,东鹏饮料,深圳,软饮料
1645,605500.SH,605500,森林包装,浙江,造纸
1646,605507.SH,605507,国邦医药,浙江,化学制药
1647,605555.SH,605555,德昌股份,浙江,家用电器
1648,605566.SH,605566,福莱蒽特,浙江,染料涂料
1649,605567.SH,605567,春雪食品,山东,食品
1650,605577.SH,605577,龙版传媒,黑龙江,出版业
1651,605580.SH,605580,恒盛能源,浙江,供气供热
1652,605588.SH,605588,冠石科技,江苏,半导体
1653,605589.SH,605589,圣泉集团,山东,化工原料
1654,605598.SH,605598,上海港湾,上海,建筑工程
1655,605599.SH,605599,菜百股份,北京,黄金
1656,688001.SH,688001,华兴源创,江苏,专用机械
1657,688002.SH,688002,睿创微纳,山东,通信设备
1658,688003.SH,688003,天准科技,江苏,专用机械
1659,688004.SH,688004,博汇科技,北京,软件服务
1660,688005.SH,688005,容百科技,浙江,电气设备
1661,688006.SH,688006,杭可科技,浙江,电气设备
1662,688007.SH,688007,光峰科技,深圳,元器件
1663,688008.SH,688008,澜起科技,上海,半导体
1664,688009.SH,688009,中国通号,北京,运输设备
1665,688010.SH,688010,福光股份,福建,电器仪表
1666,688011.SH,688011,新光光电,黑龙江,元器件
1667,688012.SH,688012,中微公司,上海,半导体
1668,688013.SH,688013,天臣医疗,江苏,医疗保健
1669,688015.SH,688015,交控科技,北京,运输设备
1670,688016.SH,688016,心脉医疗,上海,医疗保健
1671,688017.SH,688017,绿的谐波,江苏,机械基件
1672,688018.SH,688018,乐鑫科技,上海,半导体
1673,688019.SH,688019,安集科技,上海,半导体
1674,688020.SH,688020,方邦股份,广东,元器件
1675,688021.SH,688021,奥福环保,山东,环境保护
1676,688022.SH,688022,瀚川智能,江苏,专用机械
1677,688023.SH,688023,安恒信息,浙江,软件服务
1678,688025.SH,688025,杰普特,深圳,专用机械
1679,688026.SH,688026,洁特生物,广东,塑料
1680,688027.SH,688027,国盾量子,安徽,通信设备
1681,688028.SH,688028,沃尔德,北京,专用机械
1682,688029.SH,688029,南微医学,江苏,医疗保健
1683,688030.SH,688030,山石网科,江苏,软件服务
1684,688032.SH,688032,禾迈股份,浙江,电气设备
1685,688033.SH,688033,天宜上佳,北京,运输设备
1686,688036.SH,688036,传音控股,深圳,通信设备
1687,688037.SH,688037,芯源微,辽宁,半导体
1688,688038.SH,688038,中科通达,湖北,软件服务
1689,688039.SH,688039,当虹科技,浙江,软件服务
1690,688045.SH,688045,必易微,深圳,半导体
1691,688046.SH,688046,药康生物,江苏,生物制药
1692,688047.SH,688047,龙芯中科,北京,半导体
1693,688048.SH,688048,长光华芯,江苏,半导体
1694,688049.SH,688049,炬芯科技,广东,半导体
1695,688050.SH,688050,爱博医疗,北京,医疗保健
1696,688051.SH,688051,佳华科技,北京,软件服务
1697,688052.SH,688052,纳芯微,江苏,半导体
1698,688053.SH,688053,C思科,四川,综合类
1699,688055.SH,688055,龙腾光电,江苏,元器件
1700,688056.SH,688056,莱伯泰科,北京,电器仪表
1701,688057.SH,688057,金达莱,江西,环境保护
1702,688058.SH,688058,宝兰德,北京,软件服务
1703,688059.SH,688059,华锐精密,湖南,机械基件
1704,688060.SH,688060,云涌科技,江苏,软件服务
1705,688062.SH,688062,迈威生物-U,上海,生物制药
1706,688063.SH,688063,派能科技,上海,电气设备
1707,688065.SH,688065,凯赛生物,上海,化纤
1708,688066.SH,688066,航天宏图,北京,软件服务
1709,688067.SH,688067,爱威科技,湖南,医疗保健
1710,688068.SH,688068,热景生物,北京,医疗保健
1711,688069.SH,688069,德林海,江苏,环境保护
1712,688070.SH,688070,纵横股份,四川,航空
1713,688071.SH,688071,华依科技,上海,专用机械
1714,688072.SH,688072,拓荆科技-U,辽宁,半导体
1715,688075.SH,688075,安旭生物,浙江,医疗保健
1716,688076.SH,688076,诺泰生物,江苏,生物制药
1717,688077.SH,688077,大地熊,安徽,元器件
1718,688078.SH,688078,龙软科技,北京,软件服务
1719,688079.SH,688079,美迪凯,浙江,半导体
1720,688080.SH,688080,映翰通,北京,通信设备
1721,688081.SH,688081,兴图新科,湖北,软件服务
1722,688082.SH,688082,盛美上海,上海,半导体
1723,688083.SH,688083,中望软件,广东,软件服务
1724,688085.SH,688085,三友医疗,上海,医疗保健
1725,688086.SH,688086,*ST紫晶,广东,IT设备
1726,688087.SH,688087,英科再生,山东,环境保护
1727,688088.SH,688088,虹软科技,浙江,软件服务
1728,688089.SH,688089,嘉必优,湖北,食品
1729,688090.SH,688090,瑞松科技,广东,专用机械
1730,688091.SH,688091,上海谊众-U,上海,化学制药
1731,688092.SH,688092,爱科科技,浙江,专用机械
1732,688093.SH,688093,世华科技,江苏,化工原料
1733,688095.SH,688095,福昕软件,福建,软件服务
1734,688096.SH,688096,京源环保,江苏,环境保护
1735,688097.SH,688097,博众精工,江苏,专用机械
1736,688098.SH,688098,申联生物,上海,农业综合
1737,688099.SH,688099,晶晨股份,上海,半导体
1738,688100.SH,688100,威胜信息,湖南,通信设备
1739,688101.SH,688101,三达膜,陕西,环境保护
1740,688102.SH,688102,斯瑞新材,陕西,铜
1741,688103.SH,688103,国力股份,江苏,电气设备
1742,688105.SH,688105,诺唯赞,江苏,医疗保健
1743,688106.SH,688106,金宏气体,江苏,化工原料
1744,688107.SH,688107,安路科技-U,上海,半导体
1745,688108.SH,688108,赛诺医疗,天津,医疗保健
1746,688109.SH,688109,品茗股份,浙江,软件服务
1747,688110.SH,688110,东芯股份,上海,半导体
1748,688111.SH,688111,金山办公,北京,软件服务
1749,688112.SH,688112,鼎阳科技,深圳,电器仪表
1750,688113.SH,688113,联测科技,江苏,专用机械
1751,688115.SH,688115,思林杰,广东,电器仪表
1752,688116.SH,688116,天奈科技,江苏,化工原料
1753,688117.SH,688117,圣诺生物,四川,生物制药
1754,688118.SH,688118,普元信息,上海,软件服务
1755,688119.SH,688119,中钢洛耐,河南,其他建材
1756,688120.SH,688120,华海清科,天津,半导体
1757,688121.SH,688121,卓然股份,上海,专用机械
1758,688122.SH,688122,西部超导,陕西,小金属
1759,688123.SH,688123,聚辰股份,上海,半导体
1760,688125.SH,688125,安达智能,广东,专用机械
1761,688126.SH,688126,沪硅产业-U,上海,半导体
1762,688127.SH,688127,蓝特光学,浙江,元器件
1763,688128.SH,688128,中国电研,广东,专用机械
1764,688129.SH,688129,东来技术,上海,染料涂料
1765,688131.SH,688131,皓元医药,上海,化学制药
1766,688133.SH,688133,泰坦科技,上海,化工原料
1767,688135.SH,688135,利扬芯片,广东,半导体
1768,688136.SH,688136,科兴制药,山东,生物制药
1769,688138.SH,688138,清溢光电,深圳,元器件
1770,688139.SH,688139,海尔生物,山东,医疗保健
1771,688148.SH,688148,芳源股份,广东,电气设备
1772,688150.SH,688150,莱特光电,陕西,元器件
1773,688151.SH,688151,华强科技,湖北,专用机械
1774,688153.SH,688153,唯捷创芯-U,天津,半导体
1775,688155.SH,688155,先惠技术,上海,专用机械
1776,688156.SH,688156,路德环境,湖北,环境保护
1777,688157.SH,688157,松井股份,湖南,染料涂料
1778,688158.SH,688158,优刻得-W,上海,互联网
1779,688159.SH,688159,有方科技,深圳,通信设备
1780,688160.SH,688160,步科股份,上海,电器仪表
1781,688161.SH,688161,威高骨科,山东,医疗保健
1782,688162.SH,688162,巨一科技,安徽,专用机械
1783,688163.SH,688163,赛伦生物,上海,生物制药
1784,688165.SH,688165,埃夫特-U,安徽,专用机械
1785,688166.SH,688166,博瑞医药,江苏,化学制药
1786,688167.SH,688167,炬光科技,陕西,半导体
1787,688168.SH,688168,安博通,北京,软件服务
1788,688169.SH,688169,石头科技,北京,家用电器
1789,688170.SH,688170,德龙激光,江苏,专用机械
1790,688171.SH,688171,纬德信息,广东,软件服务
1791,688173.SH,688173,希荻微,广东,半导体
1792,688175.SH,688175,高凌信息,广东,通信设备
1793,688176.SH,688176,亚虹医药-U,江苏,化学制药
1794,688177.SH,688177,百奥泰,广东,生物制药
1795,688178.SH,688178,万德斯,江苏,环境保护
1796,688179.SH,688179,阿拉丁,上海,化学制药
1797,688180.SH,688180,君实生物-U,上海,生物制药
1798,688181.SH,688181,八亿时空,北京,半导体
1799,688182.SH,688182,灿勤科技,江苏,通信设备
1800,688183.SH,688183,生益电子,广东,元器件
1801,688185.SH,688185,康希诺,天津,生物制药
1802,688186.SH,688186,广大特材,江苏,特种钢
1803,688187.SH,688187,时代电气,湖南,运输设备
1804,688188.SH,688188,柏楚电子,上海,软件服务
1805,688189.SH,688189,南新制药,湖南,化学制药
1806,688190.SH,688190,云路股份,山东,矿物制品
1807,688191.SH,688191,智洋创新,山东,软件服务
1808,688192.SH,688192,迪哲医药-U,江苏,生物制药
1809,688193.SH,688193,仁度生物,上海,医疗保健
1810,688195.SH,688195,腾景科技,福建,元器件
1811,688196.SH,688196,卓越新能,福建,环境保护
1812,688197.SH,688197,首药控股-U,北京,化学制药
1813,688198.SH,688198,佰仁医疗,北京,医疗保健
1814,688199.SH,688199,久日新材,天津,化工原料
1815,688200.SH,688200,华峰测控,北京,专用机械
1816,688201.SH,688201,信安世纪,北京,通信设备
1817,688202.SH,688202,美迪西,上海,医疗保健
1818,688206.SH,688206,概伦电子,上海,半导体
1819,688207.SH,688207,格灵深瞳-U,北京,软件服务
1820,688208.SH,688208,道通科技,深圳,汽车配件
1821,688209.SH,688209,英集芯,深圳,半导体
1822,688210.SH,688210,统联精密,深圳,元器件
1823,688211.SH,688211,中科微至,江苏,专用机械
1824,688212.SH,688212,澳华内镜,上海,医疗保健
1825,688213.SH,688213,思特威-W,上海,半导体
1826,688215.SH,688215,瑞晟智能,浙江,专用机械
1827,688216.SH,688216,气派科技,深圳,半导体
1828,688217.SH,688217,睿昂基因,上海,医疗保健
1829,688218.SH,688218,江苏北人,江苏,专用机械
1830,688219.SH,688219,会通股份,安徽,塑料
1831,688220.SH,688220,翱捷科技-U,上海,半导体
1832,688221.SH,688221,前沿生物-U,江苏,生物制药
1833,688222.SH,688222,成都先导,四川,化学制药
1834,688223.SH,688223,晶科能源,江西,电气设备
1835,688225.SH,688225,亚信安全,江苏,软件服务
1836,688226.SH,688226,威腾电气,江苏,电气设备
1837,688227.SH,688227,品高股份,广东,软件服务
1838,688228.SH,688228,开普云,广东,互联网
1839,688229.SH,688229,博睿数据,北京,软件服务
1840,688230.SH,688230,芯导科技,上海,半导体
1841,688232.SH,688232,新点软件,江苏,软件服务
1842,688233.SH,688233,神工股份,辽宁,化工原料
1843,688234.SH,688234,天岳先进,山东,半导体
1844,688235.SH,688235,百济神州-U,北京,生物制药
1845,688236.SH,688236,春立医疗,北京,医疗保健
1846,688237.SH,688237,超卓航科,湖北,航空
1847,688238.SH,688238,和元生物,上海,医疗保健
1848,688239.SH,688239,航宇科技,贵州,航空
1849,688246.SH,688246,嘉和美康,北京,软件服务
1850,688248.SH,688248,南网科技,广东,电气设备
1851,688251.SH,688251,井松智能,安徽,专用机械
1852,688255.SH,688255,凯尔达,浙江,机械基件
1853,688256.SH,688256,寒武纪-U,北京,元器件
1854,688257.SH,688257,新锐股份,江苏,小金属
1855,688258.SH,688258,卓易信息,江苏,软件服务
1856,688259.SH,688259,创耀科技,江苏,半导体
1857,688260.SH,688260,昀冢科技,江苏,元器件
1858,688261.SH,688261,东微半导,江苏,半导体
1859,688262.SH,688262,国芯科技,江苏,半导体
1860,688265.SH,688265,南模生物,上海,医疗保健
1861,688266.SH,688266,泽璟制药-U,江苏,生物制药
1862,688267.SH,688267,中触媒,辽宁,化工原料
1863,688268.SH,688268,华特气体,广东,化工原料
1864,688269.SH,688269,凯立新材,陕西,化工原料
1865,688270.SH,688270,臻镭科技,浙江,半导体
1866,688272.SH,688272,富吉瑞,北京,元器件
1867,688276.SH,688276,百克生物,吉林,生物制药
1868,688277.SH,688277,天智航-U,北京,医疗保健
1869,688278.SH,688278,特宝生物,福建,生物制药
1870,688279.SH,688279,峰岹科技,深圳,半导体
1871,688280.SH,688280,精进电动-UW,北京,汽车配件
1872,688281.SH,688281,华秦科技,陕西,化工原料
1873,688282.SH,688282,理工导航,北京,通信设备
1874,688283.SH,688283,坤恒顺维,四川,电器仪表
1875,688285.SH,688285,高铁电气,陕西,运输设备
1876,688286.SH,688286,敏芯股份,江苏,元器件
1877,688287.SH,688287,观典防务,北京,航空
1878,688288.SH,688288,鸿泉物联,浙江,汽车配件
1879,688289.SH,688289,圣湘生物,湖南,医疗保健
1880,688290.SH,688290,景业智能,浙江,专用机械
1881,688295.SH,688295,中复神鹰,江苏,化纤
1882,688296.SH,688296,和达科技,浙江,软件服务
1883,688297.SH,688297,中无人机,四川,航空
1884,688298.SH,688298,东方生物,浙江,医疗保健
1885,688299.SH,688299,长阳科技,浙江,塑料
1886,688300.SH,688300,联瑞新材,江苏,矿物制品
1887,688301.SH,688301,奕瑞科技,上海,医疗保健
1888,688302.SH,688302,海创药业-U,四川,生物制药
1889,688303.SH,688303,大全能源,新疆,电气设备
1890,688305.SH,688305,科德数控,辽宁,机床制造
1891,688306.SH,688306,均普智能,浙江,专用机械
1892,688308.SH,688308,欧科亿,湖南,机械基件
1893,688309.SH,688309,*ST恒誉,山东,环境保护
1894,688310.SH,688310,迈得医疗,浙江,医疗保健
1895,688311.SH,688311,盟升电子,四川,元器件
1896,688312.SH,688312,燕麦科技,深圳,专用机械
1897,688313.SH,688313,仕佳光子,河南,通信设备
1898,688314.SH,688314,康拓医疗,陕西,医疗保健
1899,688315.SH,688315,诺禾致源,北京,医疗保健
1900,688316.SH,688316,青云科技-U,北京,软件服务
1901,688317.SH,688317,之江生物,上海,医疗保健
1902,688318.SH,688318,财富趋势,深圳,软件服务
1903,688319.SH,688319,欧林生物,四川,生物制药
1904,688320.SH,688320,禾川科技,浙江,电器仪表
1905,688321.SH,688321,微芯生物,深圳,化学制药
1906,688322.SH,688322,C奥比-UW,深圳,元器件
1907,688323.SH,688323,瑞华泰,深圳,塑料
1908,688325.SH,688325,赛微微电,广东,半导体
1909,688326.SH,688326,经纬恒润-W,北京,汽车配件
1910,688327.SH,688327,云从科技-UW,广东,软件服务
1911,688328.SH,688328,深科达,深圳,元器件
1912,688329.SH,688329,艾隆科技,江苏,医疗保健
1913,688330.SH,688330,宏力达,上海,电气设备
1914,688331.SH,688331,荣昌生物,山东,生物制药
1915,688333.SH,688333,铂力特,陕西,机械基件
1916,688335.SH,688335,复洁环保,上海,环境保护
1917,688336.SH,688336,三生国健,上海,生物制药
1918,688337.SH,688337,普源精电-U,江苏,电器仪表
1919,688338.SH,688338,赛科希德,北京,医疗保健
1920,688339.SH,688339,亿华通-U,北京,汽车配件
1921,688345.SH,688345,博力威,广东,电气设备
1922,688348.SH,688348,昱能科技,浙江,电气设备
1923,688349.SH,688349,三一重能,北京,电气设备
1924,688350.SH,688350,富淼科技,江苏,化工原料
1925,688353.SH,688353,华盛锂电,江苏,化工原料
1926,688355.SH,688355,明志科技,江苏,机械基件
1927,688356.SH,688356,键凯科技,北京,化学制药
1928,688357.SH,688357,建龙微纳,河南,化工原料
1929,688358.SH,688358,祥生医疗,江苏,医疗保健
1930,688359.SH,688359,三孚新科,广东,化工原料
1931,688360.SH,688360,德马科技,浙江,机械基件
1932,688363.SH,688363,华熙生物,山东,生物制药
1933,688365.SH,688365,光云科技,浙江,软件服务
1934,688366.SH,688366,昊海生科,上海,生物制药
1935,688367.SH,688367,工大高科,安徽,运输设备
1936,688368.SH,688368,晶丰明源,上海,半导体
1937,688369.SH,688369,致远互联,北京,软件服务
1938,688377.SH,688377,迪威尔,江苏,专用机械
1939,688378.SH,688378,奥来德,吉林,专用机械
1940,688379.SH,688379,华光新材,浙江,小金属
1941,688383.SH,688383,新益昌,深圳,专用机械
1942,688385.SH,688385,复旦微电,上海,半导体
1943,688386.SH,688386,泛亚微透,江苏,化工原料
1944,688388.SH,688388,嘉元科技,广东,铜
1945,688389.SH,688389,普门科技,深圳,医疗保健
1946,688390.SH,688390,固德威,江苏,电气设备
1947,688393.SH,688393,安必平,广东,医疗保健
1948,688395.SH,688395,正弦电气,深圳,电气设备
1949,688396.SH,688396,华润微,江苏,半导体
1950,688398.SH,688398,赛特新材,福建,矿物制品
1951,688399.SH,688399,硕世生物,江苏,医疗保健
1952,688400.SH,688400,C凌云光,北京,专用机械
1953,688408.SH,688408,中信博,江苏,电气设备
1954,688418.SH,688418,震有科技,深圳,通信设备
1955,688425.SH,688425,铁建重工,湖南,专用机械
1956,688456.SH,688456,有研粉材,北京,铜
1957,688466.SH,688466,金科环境,北京,环境保护
1958,688468.SH,688468,科美诊断,北京,医疗保健
1959,688488.SH,688488,艾迪药业,江苏,生物制药
1960,688499.SH,688499,利元亨,广东,专用机械
1961,688500.SH,688500,慧辰股份,北京,互联网
1962,688501.SH,688501,青达环保,山东,环境保护
1963,688505.SH,688505,复旦张江,上海,化学制药
1964,688508.SH,688508,芯朋微,江苏,半导体
1965,688509.SH,688509,正元地信,北京,软件服务
1966,688510.SH,688510,航亚科技,江苏,航空
1967,688511.SH,688511,天微电子,四川,元器件
1968,688513.SH,688513,苑东生物,四川,化学制药
1969,688516.SH,688516,奥特维,江苏,专用机械
1970,688517.SH,688517,金冠电气,河南,电气设备
1971,688518.SH,688518,联赢激光,深圳,专用机械
1972,688519.SH,688519,南亚新材,上海,元器件
1973,688520.SH,688520,神州细胞-U,北京,生物制药
1974,688521.SH,688521,芯原股份-U,上海,半导体
1975,688526.SH,688526,科前生物,湖北,农业综合
1976,688528.SH,688528,秦川物联,四川,电器仪表
1977,688529.SH,688529,豪森股份,辽宁,专用机械
1978,688533.SH,688533,上声电子,江苏,汽车配件
1979,688536.SH,688536,思瑞浦,江苏,半导体
1980,688538.SH,688538,和辉光电-U,上海,半导体
1981,688550.SH,688550,瑞联新材,陕西,化工原料
1982,688551.SH,688551,科威尔,安徽,专用机械
1983,688553.SH,688553,汇宇制药-W,四川,化学制药
1984,688555.SH,688555,泽达易盛,天津,软件服务
1985,688556.SH,688556,高测股份,山东,专用机械
1986,688557.SH,688557,兰剑智能,山东,专用机械
1987,688558.SH,688558,国盛智科,江苏,机床制造
1988,688559.SH,688559,海目星,深圳,专用机械
1989,688560.SH,688560,明冠新材,江西,电气设备
1990,688561.SH,688561,奇安信-U,北京,软件服务
1991,688565.SH,688565,力源科技,浙江,环境保护
1992,688566.SH,688566,吉贝尔,江苏,化学制药
1993,688567.SH,688567,孚能科技,江西,电气设备
1994,688568.SH,688568,中科星图,北京,软件服务
1995,688569.SH,688569,铁科轨道,北京,运输设备
1996,688571.SH,688571,杭华股份,浙江,染料涂料
1997,688575.SH,688575,亚辉龙,深圳,医疗保健
1998,688577.SH,688577,浙海德曼,浙江,机床制造
1999,688578.SH,688578,艾力斯-U,上海,化学制药
2000,688579.SH,688579,山大地纬,山东,软件服务
2001,688580.SH,688580,伟思医疗,江苏,医疗保健
2002,688585.SH,688585,上纬新材,上海,化工原料
2003,688586.SH,688586,江航装备,安徽,航空
2004,688588.SH,688588,凌志软件,江苏,软件服务
2005,688589.SH,688589,力合微,深圳,半导体
2006,688590.SH,688590,新致软件,上海,软件服务
2007,688595.SH,688595,芯海科技,深圳,半导体
2008,688596.SH,688596,正帆科技,上海,专用机械
2009,688597.SH,688597,煜邦电力,北京,电器仪表
2010,688598.SH,688598,金博股份,湖南,矿物制品
2011,688599.SH,688599,天合光能,江苏,电气设备
2012,688600.SH,688600,皖仪科技,安徽,电器仪表
2013,688601.SH,688601,力芯微,江苏,半导体
2014,688606.SH,688606,奥泰生物,浙江,医疗保健
2015,688607.SH,688607,康众医疗,江苏,医疗保健
2016,688608.SH,688608,恒玄科技,上海,半导体
2017,688609.SH,688609,九联科技,广东,家用电器
2018,688611.SH,688611,杭州柯林,浙江,电气设备
2019,688613.SH,688613,奥精医疗,北京,医疗保健
2020,688616.SH,688616,西力科技,浙江,电器仪表
2021,688617.SH,688617,惠泰医疗,深圳,医疗保健
2022,688618.SH,688618,三旺通信,深圳,通信设备
2023,688619.SH,688619,罗普特,福建,软件服务
2024,688621.SH,688621,阳光诺和,北京,医疗保健
2025,688622.SH,688622,禾信仪器,广东,电器仪表
2026,688625.SH,688625,呈和科技,广东,化工原料
2027,688626.SH,688626,翔宇医疗,河南,医疗保健
2028,688628.SH,688628,优利德,广东,电器仪表
2029,688630.SH,688630,芯碁微装,安徽,专用机械
2030,688633.SH,688633,星球石墨,江苏,专用机械
2031,688636.SH,688636,智明达,四川,元器件
2032,688639.SH,688639,华恒生物,安徽,化学制药
2033,688655.SH,688655,迅捷兴,深圳,元器件
2034,688656.SH,688656,浩欧博,江苏,医疗保健
2035,688658.SH,688658,悦康药业,北京,化学制药
2036,688659.SH,688659,元琛科技,安徽,环境保护
2037,688660.SH,688660,电气风电,上海,电气设备
2038,688661.SH,688661,和林微纳,江苏,元器件
2039,688662.SH,688662,富信科技,广东,半导体
2040,688663.SH,688663,新风光,山东,电气设备
2041,688665.SH,688665,四方光电,湖北,电器仪表
2042,688667.SH,688667,菱电电控,湖北,汽车配件
2043,688668.SH,688668,鼎通科技,广东,元器件
2044,688669.SH,688669,聚石化学,广东,化工原料
2045,688670.SH,688670,金迪克,江苏,生物制药
2046,688676.SH,688676,金盘科技,海南,电气设备
2047,688677.SH,688677,海泰新光,山东,医疗保健
2048,688678.SH,688678,福立旺,江苏,元器件
2049,688679.SH,688679,通源环境,安徽,环境保护
2050,688680.SH,688680,海优新材,上海,塑料
2051,688681.SH,688681,科汇股份,山东,电气设备
2052,688682.SH,688682,霍莱沃,上海,软件服务
2053,688683.SH,688683,莱尔科技,广东,化工原料
2054,688685.SH,688685,迈信林,江苏,航空
2055,688686.SH,688686,奥普特,广东,电器仪表
2056,688687.SH,688687,凯因科技,北京,生物制药
2057,688689.SH,688689,银河微电,江苏,元器件
2058,688690.SH,688690,纳微科技,江苏,化工原料
2059,688696.SH,688696,极米科技,四川,家用电器
2060,688697.SH,688697,纽威数控,江苏,机床制造
2061,688698.SH,688698,伟创电气,江苏,电气设备
2062,688699.SH,688699,明微电子,深圳,半导体
2063,688700.SH,688700,东威科技,江苏,专用机械
2064,688701.SH,688701,卓锦股份,浙江,环境保护
2065,688707.SH,688707,振华新材,贵州,化工原料
2066,688711.SH,688711,宏微科技,江苏,半导体
2067,688718.SH,688718,唯赛勃,上海,水务
2068,688722.SH,688722,同益中,北京,化纤
2069,688728.SH,688728,格科微,上海,半导体
2070,688733.SH,688733,壹石通,安徽,矿物制品
2071,688737.SH,688737,中自科技,四川,化工原料
2072,688739.SH,688739,成大生物,辽宁,生物制药
2073,688766.SH,688766,普冉股份,上海,半导体
2074,688767.SH,688767,博拓生物,浙江,医疗保健
2075,688768.SH,688768,容知日新,安徽,电器仪表
2076,688772.SH,688772,珠海冠宇,广东,电气设备
2077,688776.SH,688776,国光电气,四川,元器件
2078,688777.SH,688777,中控技术,浙江,软件服务
2079,688778.SH,688778,厦钨新能,福建,元器件
2080,688779.SH,688779,长远锂科,湖南,电气设备
2081,688786.SH,688786,悦安新材,江西,小金属
2082,688787.SH,688787,海天瑞声,北京,软件服务
2083,688788.SH,688788,科思科技,深圳,通信设备
2084,688789.SH,688789,宏华数科,浙江,专用机械
2085,688793.SH,688793,倍轻松,深圳,家用电器
2086,688798.SH,688798,艾为电子,上海,半导体
2087,688799.SH,688799,华纳药厂,湖南,化学制药
2088,688800.SH,688800,瑞可达,江苏,元器件
2089,688819.SH,688819,天能股份,浙江,电气设备
2090,688981.SH,688981,中芯国际,上海,半导体
2091,689009.SH,689009,九号公司-WD,北京,摩托车
